NOME,PRODUTTORE,ACQUISTO,VENDITA,Q.tГ ,MAGAZZINO
1,Coos,"в‚¬16,50","в‚¬21,45",0,"в‚¬0,00"
!2y ASOLO,Nikka,"в‚¬77,80","в‚¬101,14",0,"в‚¬0,00"
"""IN"" INVITO BARBERA E DOLCETTO",Mazzetti,"в‚¬19,00","в‚¬24,70",0,"в‚¬0,00"
"""IN"" INVITO BRACCHETTO E DOLCETTO",Mazzetti,"в‚¬19,00","в‚¬24,70",0,"в‚¬0,00"
"""IN"" INVITO NEBBIOLO",Mazzetti,"в‚¬20,00","в‚¬26,00",0,"в‚¬0,00"
\,Glenfiddich 12y,"в‚¬19,50","в‚¬25,35",0,"в‚¬0,00"
100 PROOF,Longrow,"в‚¬43,00","в‚¬55,90",0,"в‚¬0,00"
12y,Kilkerran,"в‚¬42,00","в‚¬54,60",0,"в‚¬0,00"
14y,Fillioux,"в‚¬45,00","в‚¬58,50",0,"в‚¬0,00"
16y,Kilkerran,"в‚¬55,00","в‚¬71,50",0,"в‚¬0,00"
16y BATCH #4,Kilkerran,"в‚¬70,00","в‚¬91,00",0,"в‚¬0,00"
18 LUNE,Marzadro,"в‚¬18,00","в‚¬23,40",18,"в‚¬324,00"
20y,Barros,"в‚¬38,00","в‚¬49,40",0,"в‚¬0,00"
21y 2023 ED.,Longrow,"в‚¬300,00","в‚¬390,00",1,"в‚¬300,00"
23y,Zacapa,"в‚¬36,50","в‚¬47,45",6,"в‚¬219,00"
30y,Barros,"в‚¬55,00","в‚¬71,50",0,"в‚¬0,00"
8y CASK STRENGTH PORTO #7,Kilkerran,"в‚¬36,00","в‚¬46,80",0,"в‚¬0,00"
8y CASK STRENGTH SHERRY #6,Kilkerran,"в‚¬36,00","в‚¬46,80",0,"в‚¬0,00"
A NIGHT ON EARTH,Macallan,"в‚¬110,00","в‚¬143,00",1,"в‚¬110,00"
ABBAGNAC (GRAPPA TRAMINER INVECCHIATA),Abb.Novacella,"в‚¬15,80","в‚¬20,54",0,"в‚¬0,00"
ABRACADABRA,Jefferson,"в‚¬17,00","в‚¬22,10",0,"в‚¬0,00"
ABSOLUTIO,Foursquare,"в‚¬105,00","в‚¬136,50",1,"в‚¬105,00"
ACETO BALSAMICO,Agazzotti,"в‚¬10,00","в‚¬13,00",0,"в‚¬0,00"
ALBICOCCA ACQUAVITE,Pojer,"в‚¬18,00","в‚¬23,40",0,"в‚¬0,00"
ALBICOCCHE,Capovilla,"в‚¬43,00","в‚¬55,90",0,"в‚¬0,00"
ALCHERMES,Beccaris,"в‚¬11,00","в‚¬14,30",0,"в‚¬0,00"
ALKERMES,Il Mallo,"в‚¬16,20","в‚¬21,06",0,"в‚¬0,00"
ALL MALT,Nikka,"в‚¬26,36","в‚¬34,27",0,"в‚¬0,00"
ALL MALT 2016,Nikka,"в‚¬26,39","в‚¬34,31",0,"в‚¬0,00"
AMARETTO,Disaronno,"в‚¬7,95","в‚¬10,34",0,"в‚¬0,00"
AMARO,Camatti,"в‚¬11,50","в‚¬14,95",0,"в‚¬0,00"
AMARO,Cardamaro,"в‚¬13,50","в‚¬17,55",0,"в‚¬0,00"
AMARO,Dente Del Leone,"в‚¬20,00","в‚¬26,00",0,"в‚¬0,00"
AMARO,Hermite,"в‚¬15,50","в‚¬20,15",0,"в‚¬0,00"
AMARO,Jefferson,"в‚¬18,50","в‚¬24,05",30,"в‚¬555,00"
AMARO,KahlГєa,"в‚¬9,10","в‚¬11,83",0,"в‚¬0,00"
AMARO,La Miscela Al 30,"в‚¬25,00","в‚¬32,50",0,"в‚¬0,00"
AMARO,Manfredi,"в‚¬12,50","в‚¬16,25",0,"в‚¬0,00"
AMARO,Montenegro,"в‚¬10,00","в‚¬13,00",8,"в‚¬80,00"
AMARO,San Simone,"в‚¬11,00","в‚¬14,30",0,"в‚¬0,00"
AMARO,Savorini,"в‚¬18,50","в‚¬24,05",0,"в‚¬0,00"
AMARO,Sibona,"в‚¬8,50","в‚¬11,05",0,"в‚¬0,00"
AMARO,Tosolini,"в‚¬13,00","в‚¬16,90",0,"в‚¬0,00"
AMARO,Villa Zarri,"в‚¬20,10","в‚¬26,13",0,"в‚¬0,00"
AMARO 1904,Bad Gin,"в‚¬13,97","в‚¬18,16",0,"в‚¬0,00"
AMARO ABRUZZO,,"в‚¬8,50","в‚¬11,05",0,"в‚¬0,00"
AMARO ALL'ARANCIA,Amara,"в‚¬13,50","в‚¬17,55",0,"в‚¬0,00"
"AMARO ALL'ARANCIA 0,7",Amara,"в‚¬18,50","в‚¬24,05",6,"в‚¬111,00"
AMARO BADIA,Colazingari,"в‚¬11,70","в‚¬15,21",18,"в‚¬210,60"
AMARO BLOOD,Amara,"в‚¬0,00","в‚¬0,00",0,"в‚¬0,00"
AMARO BLU,Gotha,"в‚¬20,00","в‚¬26,00",0,"в‚¬0,00"
AMARO CAMPANO,Nastro D'Oro,"в‚¬5,00","в‚¬6,50",0,"в‚¬0,00"
AMARO CARCIOFI,Colazingari,"в‚¬11,70","в‚¬15,21",6,"в‚¬70,20"
AMARO DEL CAPO,Amaro Del Capo,"в‚¬13,80","в‚¬17,94",0,"в‚¬0,00"
AMARO DEL GOLFO,Pirozzi,"в‚¬6,15","в‚¬8,00",0,"в‚¬0,00"
"AMARO DELLA REGGIA ""AMARГ€""",Petrone,"в‚¬10,00","в‚¬13,00",0,"в‚¬0,00"
AMARO DI GOYA,Yuntaku,"в‚¬21,00","в‚¬27,30",0,"в‚¬0,00"
AMARO DI TORINO,Doragrossa,"в‚¬15,50","в‚¬20,15",0,"в‚¬0,00"
AMARO HERBALIST,Santo Spirito,"в‚¬9,02","в‚¬11,73",6,"в‚¬54,12"
AMARO QUINTESSENTIA,Nonino,"в‚¬12,00","в‚¬15,60",12,"в‚¬144,00"
AMARO QUINTESSENTIA RISERVA,Nonino,"в‚¬21,00","в‚¬27,30",6,"в‚¬126,00"
AMARO RISERVA,Braulio,"в‚¬19,50","в‚¬25,35",12,"в‚¬234,00"
AMARO RISERVA,Unicum,"в‚¬26,30","в‚¬34,19",0,"в‚¬0,00"
AMARO RISERVATO,Toro,"в‚¬19,80","в‚¬25,74",0,"в‚¬0,00"
AMARO SETTEMMEZZO,Gotha,"в‚¬14,00","в‚¬18,20",0,"в‚¬0,00"
AMARONE GIARE GRAPPA,Marzadro,"в‚¬26,00","в‚¬33,80",12,"в‚¬312,00"
AMARONE LEGNO,Capovilla,"в‚¬32,00","в‚¬41,60",0,"в‚¬0,00"
AMBAR CLARO,Eminente,"в‚¬19,00","в‚¬24,70",0,"в‚¬0,00"
AMERICANO,Cocchi,"в‚¬10,80","в‚¬14,04",12,"в‚¬129,60"
ANFORA,Marzadro,"в‚¬14,00","в‚¬18,20",0,"в‚¬0,00"
ANICE,Pirozzi,"в‚¬5,33","в‚¬6,93",0,"в‚¬0,00"
ANICE,Varnelli,"в‚¬10,00","в‚¬13,00",0,"в‚¬0,00"
ANICETTO E CAFFГ€,Colazingari,"в‚¬11,10","в‚¬14,43",6,"в‚¬66,60"
ANNIVERSARIO 1951,Beccaris,"в‚¬26,00","в‚¬33,80",0,"в‚¬0,00"
ANTICA FORMULA,Carpano,"в‚¬20,50","в‚¬26,65",6,"в‚¬123,00"
APEROL,Aperol,"в‚¬6,80","в‚¬8,84",0,"в‚¬0,00"
APOGEE XII,Bimber,"в‚¬44,00","в‚¬57,20",0,"в‚¬0,00"
APRICOT BRANDY,Boudier,"в‚¬12,15","в‚¬15,80",0,"в‚¬0,00"
ARANCIA,Petrone,"в‚¬7,00","в‚¬9,10",0,"в‚¬0,00"
ARARAT DVIN,Ararat,"в‚¬69,09","в‚¬89,82",0,"в‚¬0,00"
ARARAT NAIRI,Ararat,"в‚¬45,28","в‚¬58,86",0,"в‚¬0,00"
ARDITA ACQUAVITE D'UVA,Mazzetti,"в‚¬16,00","в‚¬20,80",0,"в‚¬0,00"
ARDITA ACQUAVITE D'UVA MOSCATO,Mazzetti,"в‚¬18,00","в‚¬23,40",0,"в‚¬0,00"
ARMAGNAC '73,Castared,"в‚¬110,00","в‚¬143,00",0,"в‚¬0,00"
ARMAGNAC '81,Castared,"в‚¬88,00","в‚¬114,40",0,"в‚¬0,00"
ARMAGNAC '86,Castared,"в‚¬83,00","в‚¬107,90",0,"в‚¬0,00"
ARMAGNAC '96,Castared,"в‚¬79,00","в‚¬102,70",0,"в‚¬0,00"
ARMAGNAC 10y,Baron De Saint Feux,"в‚¬35,50","в‚¬46,15",0,"в‚¬0,00"
ARMAGNAC 15y,Castared,"в‚¬29,50","в‚¬38,35",0,"в‚¬0,00"
ARMAGNAC 18y,Janneau,"в‚¬43,00","в‚¬55,90",0,"в‚¬0,00"
ARMAGNAC 1960,Sagna,"в‚¬130,00","в‚¬169,00",0,"в‚¬0,00"
ARMAGNAC 1988,Martin,"в‚¬39,00","в‚¬50,70",0,"в‚¬0,00"
ARMAGNAC 1989,Sagna,"в‚¬64,00","в‚¬83,20",2,"в‚¬128,00"
ARMAGNAC 1992,Clos Martin,"в‚¬44,72","в‚¬58,14",0,"в‚¬0,00"
ARMAGNAC 2000,Bordeneuve,"в‚¬40,00","в‚¬52,00",0,"в‚¬0,00"
ARMAGNAC 2002,Baron De Saint Feux,"в‚¬45,20","в‚¬58,76",0,"в‚¬0,00"
ARMAGNAC 20y,Castared,"в‚¬38,50","в‚¬50,05",0,"в‚¬0,00"
ARMAGNAC 71,Castared,"в‚¬125,00","в‚¬162,50",0,"в‚¬0,00"
ARMAGNAC NAPOLEON,Janneau,"в‚¬35,00","в‚¬45,50",0,"в‚¬0,00"
ARMAGNAC TRES VIEILLE,Janneau,"в‚¬57,00","в‚¬74,10",0,"в‚¬0,00"
ARMAGNAC VSOP,Bordeneuve,"в‚¬32,00","в‚¬41,60",0,"в‚¬0,00"
ARMAGNAC VSOP,Cerbois,"в‚¬20,40","в‚¬26,52",0,"в‚¬0,00"
ARMAGNAC VSOP,Castared,"в‚¬34,00","в‚¬44,20",0,"в‚¬0,00"
ARMAGNAC VSOP,Janneau,"в‚¬21,00","в‚¬27,30",0,"в‚¬0,00"
ARMAGNAC VSOP 8y,Clos Martin,"в‚¬25,10","в‚¬32,63",0,"в‚¬0,00"
ARMAGNAC VSOP 8y,Martin,"в‚¬19,00","в‚¬24,70",0,"в‚¬0,00"
ARMAGNAC X.O,Cerbois,"в‚¬28,70","в‚¬37,31",0,"в‚¬0,00"
ARMAGNAC X.O,Castared,"в‚¬49,00","в‚¬63,70",0,"в‚¬0,00"
ARMAGNAC XO CARAFFA DIVA,Sagna,"в‚¬51,00","в‚¬66,30",0,"в‚¬0,00"
ARMAGNAC Y10,CastarГЁde,"в‚¬26,00","в‚¬33,80",0,"в‚¬0,00"
ARNEIS,Sibona,"в‚¬11,00","в‚¬14,30",0,"в‚¬0,00"
AROMATIC BITTER,Angostura,"в‚¬11,50","в‚¬14,95",0,"в‚¬0,00"
ASSENZIO CHARLOTTE,Devoille,"в‚¬19,54","в‚¬25,40",0,"в‚¬0,00"
ASSENZIO NEGRO,El Diablo,"в‚¬10,10","в‚¬13,13",0,"в‚¬0,00"
ASSENZIO VERDE,El Diablo,"в‚¬9,40","в‚¬12,22",0,"в‚¬0,00"
AURANTIUM,Santo Spirito,"в‚¬9,02","в‚¬11,73",6,"в‚¬54,12"
AURUM,Aurum,"в‚¬12,50","в‚¬16,25",0,"в‚¬0,00"
AUSTRALIA 7y,Transcontinental,"в‚¬28,50","в‚¬37,05",0,"в‚¬0,00"
BAD GIN,Bad Gin,"в‚¬21,77","в‚¬28,30",0,"в‚¬0,00"
BANYULS,Baillaury,"в‚¬18,00","в‚¬23,40",0,"в‚¬0,00"
BARBARESCO,Sibona,"в‚¬13,00","в‚¬16,90",6,"в‚¬78,00"
BAROLO,Sibona,"в‚¬14,80","в‚¬19,24",12,"в‚¬177,60"
BAROLO CHINATO,Batasiolo,"в‚¬16,50","в‚¬21,45",0,"в‚¬0,00"
BAROLO CHINATO,Beccaris,"в‚¬15,50","в‚¬20,15",0,"в‚¬0,00"
BAROLO CHINATO,Cappellano,"в‚¬25,00","в‚¬32,50",0,"в‚¬0,00"
BAROLO CHINATO,Cocchi,"в‚¬22,00","в‚¬28,60",0,"в‚¬0,00"
BAROLO CHINATO,Marolo,"в‚¬19,00","в‚¬24,70",0,"в‚¬0,00"
BAROLO CHINATO,Schiavenza,"в‚¬16,00","в‚¬20,80",0,"в‚¬0,00"
BAROLO GRAPPA,Levi,"в‚¬39,00","в‚¬50,70",0,"в‚¬0,00"
BARRIQUE TRENTINA,Marzadro,"в‚¬15,50","в‚¬20,15",0,"в‚¬0,00"
BAS ARMAGNA NOIR '75,Noir,"в‚¬101,00","в‚¬131,30",0,"в‚¬0,00"
BAS ARMAGNA NOIR '92,Noir,"в‚¬45,00","в‚¬58,50",0,"в‚¬0,00"
BAS ARMAGNAC,Lafite,"в‚¬31,00","в‚¬40,30",0,"в‚¬0,00"
BAS ARMAGNAC 12y,Samalens,"в‚¬38,50","в‚¬50,05",0,"в‚¬0,00"
BAS ARMAGNAC 1964,Laberdolive,"в‚¬330,00","в‚¬429,00",0,"в‚¬0,00"
BAS ARMAGNAC 1976,Laberdolive,"в‚¬275,00","в‚¬357,50",0,"в‚¬0,00"
BAS ARMAGNAC 1982,Arnolfini,"в‚¬34,71","в‚¬45,12",0,"в‚¬0,00"
BAS ARMAGNAC 1986,Laberdolive,"в‚¬210,00","в‚¬273,00",0,"в‚¬0,00"
BAS ARMAGNAC 1987,Martin,"в‚¬36,00","в‚¬46,80",0,"в‚¬0,00"
BAS ARMAGNAC 1989,Laberdolive,"в‚¬149,00","в‚¬193,70",0,"в‚¬0,00"
BAS ARMAGNAC 1991,Arnolfini,"в‚¬27,50","в‚¬35,75",0,"в‚¬0,00"
BAS ARMAGNAC 1993,Laberdolive,"в‚¬160,00","в‚¬208,00",0,"в‚¬0,00"
BAS ARMAGNAC 1993,Laberdolive,"в‚¬154,00","в‚¬200,20",0,"в‚¬0,00"
BAS ARMAGNAC 2002,Goudoulin,"в‚¬37,45","в‚¬48,69",0,"в‚¬0,00"
BAS ARMAGNAC 2005,Goudoulin,"в‚¬34,15","в‚¬44,40",0,"в‚¬0,00"
BAS ARMAGNAC 50y,Rounagle,"в‚¬125,00","в‚¬162,50",0,"в‚¬0,00"
BAS ARMAGNAC 8y,Samalens,"в‚¬28,50","в‚¬37,05",0,"в‚¬0,00"
BAS ARMAGNAC HORSE D'AGE,Sagna,"в‚¬28,00","в‚¬36,40",6,"в‚¬168,00"
BAS ARMAGNAC VSOP,Cerbois,"в‚¬18,00","в‚¬23,40",0,"в‚¬0,00"
BAS ARMAGNAC VSOP,Goudoulin,"в‚¬30,00","в‚¬39,00",0,"в‚¬0,00"
BAS ARMAGNAC VSOP,Martin,"в‚¬15,50","в‚¬20,15",0,"в‚¬0,00"
BAS ARMAGNAC X.O,Cerbois,"в‚¬26,00","в‚¬33,80",0,"в‚¬0,00"
BAS-ARMAGNAC,Ravignan 1997,"в‚¬39,00","в‚¬50,70",0,"в‚¬0,00"
BAS.ARMAGNAC,Ravignan 2002,"в‚¬34,00","в‚¬44,20",0,"в‚¬0,00"
BELIZE,Rum Explorer,"в‚¬23,40","в‚¬30,42",0,"в‚¬0,00"
BELUGA '70 GOLD,Beluga,"в‚¬81,00","в‚¬105,30",0,"в‚¬0,00"
BELUGA 6 LITRI,Beluga,"в‚¬210,00","в‚¬273,00",0,"в‚¬0,00"
BELUGA GOLD 1000CL,Beluga,"в‚¬73,00","в‚¬94,90",0,"в‚¬0,00"
BELUGA TRANSATLANTIC NAVY,Beluga,"в‚¬28,30","в‚¬36,79",0,"в‚¬0,00"
BELUGA TRANSATLANTIC RACING,Beluga,"в‚¬30,00","в‚¬39,00",0,"в‚¬0,00"
BERGAMOTTO,Manfredi,"в‚¬12,50","в‚¬16,25",0,"в‚¬0,00"
BIANCA GRAPPA,Levi,"в‚¬38,00","в‚¬49,40",0,"в‚¬0,00"
BIANCA GRAPPA,Libarna,"в‚¬10,00","в‚¬13,00",0,"в‚¬0,00"
BICERIN,Bicerin,"в‚¬8,00","в‚¬10,40",0,"в‚¬0,00"
BIMBA,Berta,"в‚¬16,00","в‚¬20,80",0,"в‚¬0,00"
BITTER,Ambrosiano,"в‚¬15,50","в‚¬20,15",0,"в‚¬0,00"
BITTER,Beccaris,"в‚¬11,50","в‚¬14,95",0,"в‚¬0,00"
BITTER,Campari,"в‚¬13,50","в‚¬17,55",0,"в‚¬0,00"
BITTER,Carpano,"в‚¬10,85","в‚¬14,11",0,"в‚¬0,00"
BITTER,Fred Jerbis,"в‚¬13,20","в‚¬17,16",0,"в‚¬0,00"
BITTER,Jerbis,"в‚¬0,00","в‚¬0,00",0,"в‚¬0,00"
BITTER ALLKO,Gotha,"в‚¬14,00","в‚¬18,20",0,"в‚¬0,00"
BLACK ESPADIN,Madre Mezcal,"в‚¬30,00","в‚¬39,00",0,"в‚¬0,00"
BLANCHE,Assenzio Rinaldi,"в‚¬21,00","в‚¬27,30",0,"в‚¬0,00"
BLENDED,Koriyama,"в‚¬19,00","в‚¬24,70",0,"в‚¬0,00"
BLENDED,Tenjaku,"в‚¬16,92","в‚¬22,00",0,"в‚¬0,00"
BLENDED,Yushan,"в‚¬23,50","в‚¬30,55",0,"в‚¬0,00"
BLENDED 2016,Nikka,"в‚¬26,00","в‚¬33,80",0,"в‚¬0,00"
BLENDED 9y,Togouchi,"в‚¬46,30","в‚¬60,19",0,"в‚¬0,00"
BLENDED WHISKY,Nobushi,"в‚¬29,00","в‚¬37,70",0,"в‚¬0,00"
BLENDED WHITE OAK,Akashi,"в‚¬21,00","в‚¬27,30",0,"в‚¬0,00"
BOMBACARTA AMARO,Carta,"в‚¬27,50","в‚¬35,75",0,"в‚¬0,00"
BOMBARDINO,Poli Jacopo,"в‚¬10,00","в‚¬13,00",0,"в‚¬0,00"
BOTANIC KRANEBET,Antiche Distil. Riunite,"в‚¬10,50","в‚¬13,65",0,"в‚¬0,00"
BOTRAN 12y RUM,Botran,"в‚¬16,50","в‚¬21,45",0,"в‚¬0,00"
BOURBON,Redemption,"в‚¬28,00","в‚¬36,40",0,"в‚¬0,00"
BOURBON,Sazerac Bench Mark,"в‚¬9,60","в‚¬12,48",0,"в‚¬0,00"
BOURBON,Sazerac Eagle Rare,"в‚¬24,80","в‚¬32,24",0,"в‚¬0,00"
BOURBON,Woodford Reserve,"в‚¬19,58","в‚¬25,45",0,"в‚¬0,00"
BOURBON 10,Russel'S Reserve,"в‚¬24,00","в‚¬31,20",0,"в‚¬0,00"
BOURBON CASK,Nine Leaves,"в‚¬90,00","в‚¬117,00",0,"в‚¬0,00"
BOURBON IN FUSTO DI BIRRA,Jms Caskmates,"в‚¬12,80","в‚¬16,64",0,"в‚¬0,00"
BOURBON KENTUCKY,Buffalo Trace,"в‚¬17,00","в‚¬22,10",0,"в‚¬0,00"
BOURBON RESERVE,Yellowstone,"в‚¬41,50","в‚¬53,95",0,"в‚¬0,00"
BOURBON RYE,Yellowstone,"в‚¬32,00","в‚¬41,60",6,"в‚¬192,00"
BOURBON SELECT,Yellowstone,"в‚¬40,00","в‚¬52,00",0,"в‚¬0,00"
BRACHETTO,Sibona,"в‚¬10,80","в‚¬14,04",0,"в‚¬0,00"
BRANDY,Antinori,"в‚¬14,50","в‚¬18,85",0,"в‚¬0,00"
BRANDY,Cardinal Mendoza,"в‚¬21,50","в‚¬27,95",0,"в‚¬0,00"
BRANDY,Carlos I,"в‚¬16,33","в‚¬21,23",0,"в‚¬0,00"
BRANDY,Lepanto,"в‚¬27,00","в‚¬35,10",0,"в‚¬0,00"
BRANDY,Poli Jacopo,"в‚¬0,00","в‚¬0,00",0,"в‚¬0,00"
BRANDY,Vecchia Romagna,"в‚¬12,00","в‚¬15,60",12,"в‚¬144,00"
BRANDY 10y,Torres,"в‚¬11,80","в‚¬15,34",0,"в‚¬0,00"
BRANDY 10y,Villa Zarri,"в‚¬27,50","в‚¬35,75",0,"в‚¬0,00"
BRANDY 15ANNI,Torres,"в‚¬18,50","в‚¬24,05",0,"в‚¬0,00"
BRANDY 16y,Villa Zarri,"в‚¬37,00","в‚¬48,10",0,"в‚¬0,00"
BRANDY 18 BOTTI DI MARSALA FLORIO,Villa Zarri,"в‚¬41,00","в‚¬53,30",24,"в‚¬984,00"
BRANDY 18/20y TABACCO,Villa Zarri,"в‚¬45,00","в‚¬58,50",6,"в‚¬270,00"
BRANDY 1877,Gran Duca D'Alba,"в‚¬10,60","в‚¬13,78",0,"в‚¬0,00"
BRANDY 18y,Vecchia Romagna,"в‚¬77,50","в‚¬100,75",0,"в‚¬0,00"
BRANDY 19 GRADAZIONE PIENO,Villa Zarri,"в‚¬46,00","в‚¬59,80",0,"в‚¬0,00"
BRANDY 20y,Toros,"в‚¬24,00","в‚¬31,20",0,"в‚¬0,00"
BRANDY 20y,Torres,"в‚¬39,00","в‚¬50,70",0,"в‚¬0,00"
BRANDY 21y,Villa Zarri,"в‚¬34,50","в‚¬44,85",0,"в‚¬0,00"
BRANDY 23y MILLESIMATO 1997,Villa Zarri,"в‚¬46,00","в‚¬59,80",0,"в‚¬0,00"
BRANDY 23y TABACCO,Villa Zarri,"в‚¬41,00","в‚¬53,30",0,"в‚¬0,00"
BRANDY 25y,Vecchia Romagna,"в‚¬35,00","в‚¬45,50",0,"в‚¬0,00"
BRANDY 35y,Vecchia Romagna,"в‚¬45,00","в‚¬58,50",0,"в‚¬0,00"
BRANDY CERRY,Villa Zarri,"в‚¬25,00","в‚¬32,50",0,"в‚¬0,00"
BRANDY GRAN DUCA D'ALBA,Gran Duca D'Alba,"в‚¬22,10","в‚¬28,73",0,"в‚¬0,00"
BRANDY SPAGNOLO,Gran Duca D'Alba,"в‚¬24,50","в‚¬31,85",0,"в‚¬0,00"
BRANDY TRE TINI,Vecchia Romagna,"в‚¬21,25","в‚¬27,63",0,"в‚¬0,00"
BRANDY XO,Gran Duca D'Alba,"в‚¬33,20","в‚¬43,16",0,"в‚¬0,00"
BRIC DEL GAJANA,Berta,"в‚¬64,00","в‚¬83,20",0,"в‚¬0,00"
BURBON,Williams,"в‚¬28,50","в‚¬37,05",0,"в‚¬0,00"
CABERNET GRAPPA,Venegazzu,"в‚¬9,00","в‚¬11,70",0,"в‚¬0,00"
CACHACA MEGA FUN,Cachaca,"в‚¬10,51","в‚¬13,66",0,"в‚¬0,00"
CACHACA PRATA,7engenhos,"в‚¬15,80","в‚¬20,54",0,"в‚¬0,00"
CACHACA PRATA,Engenhos,"в‚¬13,30","в‚¬17,29",0,"в‚¬0,00"
CACHACA RESERVA,Heritage,"в‚¬39,50","в‚¬51,35",0,"в‚¬0,00"
CAFFГ€,Borghetti,"в‚¬7,60","в‚¬9,88",0,"в‚¬0,00"
CALVADOS,Boulard,"в‚¬23,00","в‚¬29,90",0,"в‚¬0,00"
CALVADOS,Chateau Res.Segign,"в‚¬48,00","в‚¬62,40",0,"в‚¬0,00"
CALVADOS,Drouin,"в‚¬20,00","в‚¬26,00",0,"в‚¬0,00"
CALVADOS,Drouin Folonari,"в‚¬33,00","в‚¬42,90",0,"в‚¬0,00"
CALVADOS,Hubert 1998,"в‚¬38,00","в‚¬49,40",0,"в‚¬0,00"
CALVADOS,Lemorton,"в‚¬29,50","в‚¬38,35",0,"в‚¬0,00"
CALVADOS,Pere Magloire,"в‚¬14,50","в‚¬18,85",0,"в‚¬0,00"
CALVADOS '80,Lafontan,"в‚¬36,00","в‚¬46,80",0,"в‚¬0,00"
CALVADOS '91,Lafontan,"в‚¬28,00","в‚¬36,40",0,"в‚¬0,00"
CALVADOS 10y,Lemorton,"в‚¬52,70","в‚¬68,51",0,"в‚¬0,00"
CALVADOS 10y,Morin,"в‚¬28,00","в‚¬36,40",0,"в‚¬0,00"
CALVADOS 12y,Camut,"в‚¬75,00","в‚¬97,50",0,"в‚¬0,00"
CALVADOS 12y,Le Comtes,"в‚¬40,00","в‚¬52,00",0,"в‚¬0,00"
CALVADOS 18,Le Comtes,"в‚¬68,00","в‚¬88,40",3,"в‚¬204,00"
CALVADOS 18 BLEND,Berneroy,"в‚¬31,00","в‚¬40,30",0,"в‚¬0,00"
CALVADOS 1964,Lemorton,"в‚¬154,00","в‚¬200,20",0,"в‚¬0,00"
CALVADOS 1986,Giard,"в‚¬85,00","в‚¬110,50",0,"в‚¬0,00"
CALVADOS 2002,Chateau Du Breuil,"в‚¬46,00","в‚¬59,80",6,"в‚¬276,00"
CALVADOS 30y,Giard,"в‚¬81,00","в‚¬105,30",0,"в‚¬0,00"
CALVADOS 32y,Giard,"в‚¬81,00","в‚¬105,30",0,"в‚¬0,00"
CALVADOS 35/40,Camut,"в‚¬168,00","в‚¬218,40",0,"в‚¬0,00"
CALVADOS 5y,Le Comtes,"в‚¬24,50","в‚¬31,85",0,"в‚¬0,00"
CALVADOS 5y,Lemorton,"в‚¬35,40","в‚¬46,02",0,"в‚¬0,00"
CALVADOS 6ANNI,Camut,"в‚¬49,00","в‚¬63,70",0,"в‚¬0,00"
CALVADOS 8y,Chateau Du Breuil,"в‚¬31,00","в‚¬40,30",0,"в‚¬0,00"
CALVADOS 8y,Toutain,"в‚¬24,00","в‚¬31,20",0,"в‚¬0,00"
CALVADOS A.C 18y,Camut,"в‚¬92,00","в‚¬119,60",0,"в‚¬0,00"
CALVADOS HORSE,Lauriston,"в‚¬46,00","в‚¬59,80",0,"в‚¬0,00"
CALVADOS RARETГ‰,Camut,"в‚¬428,00","в‚¬556,40",0,"в‚¬0,00"
CALVADOS RES.,Amiot,"в‚¬45,00","в‚¬58,50",0,"в‚¬0,00"
CALVADOS RES.,Lauriston,"в‚¬19,00","в‚¬24,70",0,"в‚¬0,00"
CALVADOS RESERVE SEIGNEUR X.O 20y,Chateau Du Breuil,"в‚¬59,00","в‚¬76,70",6,"в‚¬354,00"
CALVADOS V.S.O.P.,Guillaume De Norman,"в‚¬33,50","в‚¬43,55",0,"в‚¬0,00"
CALVADOS VSOP,Chateau Du Breuil,"в‚¬19,50","в‚¬25,35",12,"в‚¬234,00"
CALVADOS VSOP,Lauriston,"в‚¬26,50","в‚¬34,45",0,"в‚¬0,00"
CALVADOS VSOP,Pere Magloire,"в‚¬16,50","в‚¬21,45",0,"в‚¬0,00"
CAOL ILA 2014,Signatory,"в‚¬35,00","в‚¬45,50",0,"в‚¬0,00"
CAOL ILA 2015,Signatory,"в‚¬36,50","в‚¬47,45",0,"в‚¬0,00"
CARONI 23y TASTING GANG 1996,Caroni,"в‚¬500,00","в‚¬650,00",2,"в‚¬1.000,00"
CARONI 23y THE LAST 1996,Caroni,"в‚¬209,00","в‚¬271,70",2,"в‚¬418,00"
CASADO,Kilchoman,"в‚¬59,00","в‚¬76,70",0,"в‚¬0,00"
CASALOTTO,Berta,"в‚¬47,00","в‚¬61,10",0,"в‚¬0,00"
CASK STRENGTH,Finlaggan,"в‚¬29,71","в‚¬38,62",0,"в‚¬0,00"
CASK TALES,Campari,"в‚¬30,00","в‚¬39,00",0,"в‚¬0,00"
CASSIS,Chartreuse,"в‚¬11,70","в‚¬15,21",0,"в‚¬0,00"
CASSIS,Philippe De Bourgogne,"в‚¬17,00","в‚¬22,10",0,"в‚¬0,00"
CASSIS D&C,Cassis,"в‚¬6,00","в‚¬7,80",0,"в‚¬0,00"
CASSIS MEREGALLI BOUDIER,Cassis,"в‚¬15,50","в‚¬20,15",0,"в‚¬0,00"
CASSIS VELIER,Cassis,"в‚¬10,00","в‚¬13,00",0,"в‚¬0,00"
CASTELLO DI ROMITORIO,Castello Di Romitorio,"в‚¬16,00","в‚¬20,80",0,"в‚¬0,00"
CENTERBA COLLEZIONE,Toro,"в‚¬23,50","в‚¬30,55",0,"в‚¬0,00"
CENTERBE,Bordiga,"в‚¬17,00","в‚¬22,10",0,"в‚¬0,00"
CHARDONNAY GRAPPA,Sibona,"в‚¬11,80","в‚¬15,34",12,"в‚¬141,60"
CHARDONNAY GRAPPA,Venegazzu,"в‚¬9,00","в‚¬11,70",0,"в‚¬0,00"
CHERRY BRANDY,Beccaris,"в‚¬10,00","в‚¬13,00",0,"в‚¬0,00"
CHINA,Ferrochina Bisleri,"в‚¬5,57","в‚¬7,24",0,"в‚¬0,00"
CHRISTMAS GIN,Secret Garden,"в‚¬28,00","в‚¬36,40",0,"в‚¬0,00"
CILIEGIA,Pojer,"в‚¬19,20","в‚¬24,96",0,"в‚¬0,00"
CIOK,Poli Jacopo,"в‚¬10,00","в‚¬13,00",0,"в‚¬0,00"
CITADELLE GIN,Citadelle,"в‚¬21,00","в‚¬27,30",0,"в‚¬0,00"
COCA,Coca Buton,"в‚¬10,00","в‚¬13,00",0,"в‚¬0,00"
COEUR DU BREUIL,Chateau Du Breuil,"в‚¬15,00","в‚¬19,50",0,"в‚¬0,00"
COFFEY MALT,Nikka,"в‚¬41,43","в‚¬53,86",0,"в‚¬0,00"
COGNAC,Camus,"в‚¬18,00","в‚¬23,40",0,"в‚¬0,00"
COGNAC,Delamain X.O,"в‚¬44,00","в‚¬57,20",0,"в‚¬0,00"
COGNAC,Delamain  Vesper,"в‚¬83,00","в‚¬107,90",0,"в‚¬0,00"
COGNAC,Delamain,"в‚¬175,00","в‚¬227,50",0,"в‚¬0,00"
COGNAC,Delamain 1980,"в‚¬110,00","в‚¬143,00",0,"в‚¬0,00"
COGNAC,Dudognon Vsop,"в‚¬27,90","в‚¬36,27",0,"в‚¬0,00"
COGNAC,Henry,"в‚¬24,80","в‚¬32,24",0,"в‚¬0,00"
COGNAC,Martell,"в‚¬27,00","в‚¬35,10",0,"в‚¬0,00"
COGNAC,Mauxion,"в‚¬39,00","в‚¬50,70",0,"в‚¬0,00"
COGNAC,Remy-Martin,"в‚¬32,90","в‚¬42,77",0,"в‚¬0,00"
COGNAC 1953,Fillioux,"в‚¬325,00","в‚¬422,50",0,"в‚¬0,00"
COGNAC 1957,Hine,"в‚¬250,00","в‚¬325,00",0,"в‚¬0,00"
COGNAC 4y LE COQ,Fillioux,"в‚¬28,50","в‚¬37,05",0,"в‚¬0,00"
COGNAC AL MANDARINO,Peyrot,"в‚¬19,50","в‚¬25,35",0,"в‚¬0,00"
COGNAC ALLE PERE,Peyrot,"в‚¬18,50","в‚¬24,05",12,"в‚¬222,00"
COGNAC AMBRE,Ferrand,"в‚¬27,80","в‚¬36,14",0,"в‚¬0,00"
COGNAC ANNIVERSARIO,Gautier,"в‚¬21,00","в‚¬27,30",0,"в‚¬0,00"
COGNAC EXTRA,Frapin,"в‚¬245,00","в‚¬318,50",0,"в‚¬0,00"
COGNAC FONTPINOT X.O,Frapin,"в‚¬55,60","в‚¬72,28",0,"в‚¬0,00"
COGNAC GRADAZIONE PIENA,Royer Luis,"в‚¬32,00","в‚¬41,60",0,"в‚¬0,00"
COGNAC LEGEND,Hardy,"в‚¬35,00","в‚¬45,50",0,"в‚¬0,00"
COGNAC NAPOLEON,Boujou,"в‚¬35,00","в‚¬45,50",0,"в‚¬0,00"
COGNAC NAPOLEON,Fillioux,"в‚¬37,10","в‚¬48,23",0,"в‚¬0,00"
COGNAC NAPOLEON 15y,Dudognon,"в‚¬37,50","в‚¬48,75",0,"в‚¬0,00"
COGNAC ORGANIC,Henry,"в‚¬32,00","в‚¬41,60",0,"в‚¬0,00"
COGNAC POIRE,Meregalli,"в‚¬17,20","в‚¬22,36",0,"в‚¬0,00"
COGNAC RARE,Hine,"в‚¬30,00","в‚¬39,00",0,"в‚¬0,00"
COGNAC RESERVE,Ferrand,"в‚¬33,15","в‚¬43,10",0,"в‚¬0,00"
COGNAC RESERVE ATHENA X.O 25y,Ragnaud-Sabarin,"в‚¬73,60","в‚¬95,68",0,"в‚¬0,00"
COGNAC TRE VIEUX,Fillioux,"в‚¬54,00","в‚¬70,20",0,"в‚¬0,00"
COGNAC VIP XO,Frapin,"в‚¬88,00","в‚¬114,40",0,"в‚¬0,00"
COGNAC VS,Hennessy,"в‚¬27,00","в‚¬35,10",12,"в‚¬324,00"
COGNAC VSOP,Abks,"в‚¬29,00","в‚¬37,70",0,"в‚¬0,00"
COGNAC VSOP,A.E Dor,"в‚¬26,60","в‚¬34,58",0,"в‚¬0,00"
COGNAC VSOP,Bouju,"в‚¬28,00","в‚¬36,40",0,"в‚¬0,00"
COGNAC VSOP,Camus,"в‚¬23,00","в‚¬29,90",0,"в‚¬0,00"
COGNAC VSOP,De Luze,"в‚¬20,00","в‚¬26,00",0,"в‚¬0,00"
COGNAC VSOP,Drouet,"в‚¬34,50","в‚¬44,85",0,"в‚¬0,00"
COGNAC VSOP,Frapin,"в‚¬32,00","в‚¬41,60",0,"в‚¬0,00"
COGNAC VSOP,Gautier,"в‚¬15,00","в‚¬19,50",0,"в‚¬0,00"
COGNAC VSOP,Guerin,"в‚¬24,00","в‚¬31,20",0,"в‚¬0,00"
COGNAC VSOP,Hardy,"в‚¬25,00","в‚¬32,50",2,"в‚¬50,00"
COGNAC VSOP,Peyrot,"в‚¬26,00","в‚¬33,80",0,"в‚¬0,00"
COGNAC VSOP,Ragnaud-Sabarin,"в‚¬33,30","в‚¬43,29",0,"в‚¬0,00"
COGNAC VSOP,Segonzac,"в‚¬31,10","в‚¬40,43",0,"в‚¬0,00"
COGNAC X.O,Boujou,"в‚¬42,50","в‚¬55,25",0,"в‚¬0,00"
COGNAC X.O 12y,Hine,"в‚¬56,00","в‚¬72,80",0,"в‚¬0,00"
COGNAC X.O 12y,Jeussen,"в‚¬33,80","в‚¬43,94",0,"в‚¬0,00"
COGNAC X.O 25y,Jeussen,"в‚¬82,20","в‚¬106,86",0,"в‚¬0,00"
COGNAC X.O DECANTER,Ragnaud,"в‚¬65,00","в‚¬84,50",0,"в‚¬0,00"
COGNAC X.O.,Peyrot,"в‚¬38,00","в‚¬49,40",0,"в‚¬0,00"
COGNAC XO,Abks,"в‚¬72,00","в‚¬93,60",0,"в‚¬0,00"
COGNAC XO,Camus,"в‚¬90,00","в‚¬117,00",0,"в‚¬0,00"
COGNAC XO,Drouet,"в‚¬70,00","в‚¬91,00",0,"в‚¬0,00"
COGNAC XO,Le Roche,"в‚¬48,00","в‚¬62,40",0,"в‚¬0,00"
COGNAC XO,Segonzac,"в‚¬64,10","в‚¬83,33",0,"в‚¬0,00"
COHIBA,Havana Club,"в‚¬250,00","в‚¬325,00",0,"в‚¬0,00"
COLHEITA 2004,Barros,"в‚¬25,25","в‚¬32,83",0,"в‚¬0,00"
CONTACT,Shizuoka,"в‚¬143,00","в‚¬185,90",0,"в‚¬0,00"
CREMA CACAO,Boudier,"в‚¬12,15","в‚¬15,80",0,"в‚¬0,00"
CREME DE CASSIS,Boudier,"в‚¬15,70","в‚¬20,41",0,"в‚¬0,00"
CREME DE FRAMBOISE,Cartron,"в‚¬11,78","в‚¬15,31",0,"в‚¬0,00"
CRU MERLOT,Tosollin,"в‚¬40,00","в‚¬52,00",0,"в‚¬0,00"
CRU TOCAI,Tosolin,"в‚¬40,00","в‚¬52,00",0,"в‚¬0,00"
CULTO AMARONE,Antiche Distil. Riunite,"в‚¬16,00","в‚¬20,80",0,"в‚¬0,00"
CULTO BAROLO,Antiche Distil. Riunite,"в‚¬18,00","в‚¬23,40",0,"в‚¬0,00"
CULTO GRAN MOSCATO,Antiche Distil. Riunite,"в‚¬16,00","в‚¬20,80",0,"в‚¬0,00"
CUOR DI CIOCCOLATO,Pisoni,"в‚¬12,00","в‚¬15,60",0,"в‚¬0,00"
CURACAO BLEU,Boudier,"в‚¬12,15","в‚¬15,80",0,"в‚¬0,00"
CURACAO TRIPLE SEC,Boudier,"в‚¬13,40","в‚¬17,42",0,"в‚¬0,00"
DAILUAINE 2008,Signatory,"в‚¬37,50","в‚¬48,75",0,"в‚¬0,00"
DAILUAINE 2012,Signatory,"в‚¬42,00","в‚¬54,60",0,"в‚¬0,00"
DECANTER BARBARESCO,Sibona,"в‚¬38,50","в‚¬50,05",1,"в‚¬38,50"
DECANTER BARBERA,Sibona,"в‚¬27,00","в‚¬35,10",0,"в‚¬0,00"
DECANTER BAROLO,Sibona,"в‚¬43,00","в‚¬55,90",2,"в‚¬86,00"
DECANTER MOSCATO,Sibona,"в‚¬37,00","в‚¬48,10",2,"в‚¬74,00"
DECANTER NEBBIOLO,Sibona,"в‚¬28,50","в‚¬37,05",0,"в‚¬0,00"
DEMERARA RUM 2003,Samaroli,"в‚¬184,00","в‚¬239,20",0,"в‚¬0,00"
DEMERARA RUM 23y,Rossi&Rossi,"в‚¬59,00","в‚¬76,70",0,"в‚¬0,00"
DEMERARA SYMPHONY BLENDED RUM,Samaroli,"в‚¬124,00","в‚¬161,20",0,"в‚¬0,00"
DEMON KNIGHT BLENDED,Onikishi,"в‚¬72,00","в‚¬93,60",0,"в‚¬0,00"
DISTILLATI DI FRUTTA CILIEGIA,Ceretto,"в‚¬23,90","в‚¬31,07",0,"в‚¬0,00"
DISTILLATI DI FRUTTA PRUGNA INVECCHIATA,Ceretto,"в‚¬28,90","в‚¬37,57",0,"в‚¬0,00"
DISTILLATI DI FRUTTA WILLIAM,Ceretto,"в‚¬23,90","в‚¬31,07",0,"в‚¬0,00"
DISTILLATO UVE BIANCHE,Antiche Distil. Riunite,"в‚¬16,00","в‚¬20,80",0,"в‚¬0,00"
DOUBLE CREME DE CASSIS,Cartron,"в‚¬13,00","в‚¬16,90",0,"в‚¬0,00"
DUE BARILI GRAPPE,Poli Jacopo,"в‚¬23,50","в‚¬30,55",3,"в‚¬70,50"
DURONI,Capovilla,"в‚¬46,00","в‚¬59,80",0,"в‚¬0,00"
ED LIMITATA 2019 RUM ZACAPA,Zacapa,"в‚¬56,00","в‚¬72,80",0,"в‚¬0,00"
ELISI CL.500,Berta,"в‚¬14,50","в‚¬18,85",0,"в‚¬0,00"
ELISIR DE CARIBE,Maschio,"в‚¬0,67","в‚¬0,87",0,"в‚¬0,00"
ELIXIR VEGETAL,Chartreuse,"в‚¬11,00","в‚¬14,30",0,"в‚¬0,00"
EX-BOURBON BATCH #4,Bimber,"в‚¬65,00","в‚¬84,50",0,"в‚¬0,00"
EXTRA DRY,Cocchi,"в‚¬12,50","в‚¬16,25",0,"в‚¬0,00"
EXTRA VEJO,Brugal,"в‚¬15,00","в‚¬19,50",0,"в‚¬0,00"
FALERNUM,Petrone,"в‚¬11,00","в‚¬14,30",0,"в‚¬0,00"
FINE BURGOGNE 1993,R.Conti,"в‚¬205,00","в‚¬266,50",0,"в‚¬0,00"
FINO,El Candado,"в‚¬12,00","в‚¬15,60",0,"в‚¬0,00"
FINOCCHIETTO,Nastro D'Oro,"в‚¬5,30","в‚¬6,89",0,"в‚¬0,00"
FOURSQUARE PLENIPOTENZIARIO RUM,Foursquare,"в‚¬70,00","в‚¬91,00",4,"в‚¬280,00"
FRAMBOISE,Massanez,"в‚¬24,50","в‚¬31,85",0,"в‚¬0,00"
FROM THE BARREL,Nikka,"в‚¬28,11","в‚¬36,54",6,"в‚¬168,66"
FROM THE BARREL SILHOUETTE,Nikka,"в‚¬32,00","в‚¬41,60",0,"в‚¬0,00"
GENEPI,Chartreuse,"в‚¬20,00","в‚¬26,00",0,"в‚¬0,00"
GENEPI INTENSE,Chartreuse,"в‚¬18,80","в‚¬24,44",0,"в‚¬0,00"
GENEPY,Beccaris,"в‚¬10,00","в‚¬13,00",0,"в‚¬0,00"
GENEPY,Genepy,"в‚¬16,00","в‚¬20,80",0,"в‚¬0,00"
GENZIANA,Colazingari,"в‚¬11,40","в‚¬14,82",0,"в‚¬0,00"
GENZIANA,Toro,"в‚¬18,60","в‚¬24,18",0,"в‚¬0,00"
GENZIANA GRAN RISERVA TONDA,Santo Spirito,"в‚¬9,02","в‚¬11,73",6,"в‚¬54,12"
GENZIANA HERBALIST,Santo Spirito,"в‚¬9,02","в‚¬11,73",18,"в‚¬162,36"
GIN,Akori,"в‚¬18,00","в‚¬23,40",0,"в‚¬0,00"
GIN,Akori,"в‚¬22,11","в‚¬28,74",0,"в‚¬0,00"
GIN,Alkkemist,"в‚¬29,00","в‚¬37,70",0,"в‚¬0,00"
GIN,Amazzoni,"в‚¬26,00","в‚¬33,80",0,"в‚¬0,00"
GIN,Arnolfini,"в‚¬18,50","в‚¬24,05",0,"в‚¬0,00"
GIN,Bareksten,"в‚¬24,50","в‚¬31,85",6,"в‚¬147,00"
GIN,Beckett'S,"в‚¬24,00","в‚¬31,20",0,"в‚¬0,00"
GIN,Beefeater Litro,"в‚¬15,86","в‚¬20,62",0,"в‚¬0,00"
GIN,Black Tomato,"в‚¬18,64","в‚¬24,23",0,"в‚¬0,00"
GIN,Blue Beetle,"в‚¬14,00","в‚¬18,20",6,"в‚¬84,00"
GIN,Bluecoat,"в‚¬22,80","в‚¬29,64",0,"в‚¬0,00"
GIN,Boe,"в‚¬24,00","в‚¬31,20",0,"в‚¬0,00"
GIN,Boodless,"в‚¬11,00","в‚¬14,30",0,"в‚¬0,00"
GIN,Broker'S,"в‚¬16,50","в‚¬21,45",0,"в‚¬0,00"
GIN,Buckingham Palace,"в‚¬28,00","в‚¬36,40",0,"в‚¬0,00"
GIN,Bulldog,"в‚¬12,70","в‚¬16,51",0,"в‚¬0,00"
GIN,Cannabis,"в‚¬20,00","в‚¬26,00",0,"в‚¬0,00"
GIN,Caorunn,"в‚¬21,50","в‚¬27,95",0,"в‚¬0,00"
GIN,Clandestino,"в‚¬20,00","в‚¬26,00",0,"в‚¬0,00"
GIN,Cotswolds,"в‚¬30,00","в‚¬39,00",6,"в‚¬180,00"
GIN,Cubical Ultra Premium,"в‚¬28,00","в‚¬36,40",0,"в‚¬0,00"
GIN,D&C,"в‚¬19,00","в‚¬24,70",0,"в‚¬0,00"
GIN,Dutch Courage Zuidam,"в‚¬25,00","в‚¬32,50",0,"в‚¬0,00"
GIN,Etsu Japanese,"в‚¬23,80","в‚¬30,94",0,"в‚¬0,00"
GIN,Fabbri,"в‚¬23,00","в‚¬29,90",18,"в‚¬414,00"
GIN,Favignana,"в‚¬22,00","в‚¬28,60",0,"в‚¬0,00"
GIN,Fifty Pounds,"в‚¬19,50","в‚¬25,35",0,"в‚¬0,00"
GIN,Filliers,"в‚¬17,50","в‚¬22,75",0,"в‚¬0,00"
GIN,Gastro Gin & Jonnie,"в‚¬23,00","в‚¬29,90",0,"в‚¬0,00"
GIN,Geranium,"в‚¬19,50","в‚¬25,35",0,"в‚¬0,00"
GIN,Ginarte,"в‚¬23,50","в‚¬30,55",0,"в‚¬0,00"
GIN,Gvine Novaison,"в‚¬25,50","в‚¬33,15",0,"в‚¬0,00"
GIN,Hammer,"в‚¬0,00","в‚¬0,00",0,"в‚¬0,00"
GIN,Haswell,"в‚¬20,50","в‚¬26,65",0,"в‚¬0,00"
GIN,Haymans,"в‚¬13,31","в‚¬17,30",0,"в‚¬0,00"
GIN,Hendrick'S,"в‚¬23,00","в‚¬29,90",0,"в‚¬0,00"
GIN,Imagin,"в‚¬12,50","в‚¬16,25",0,"в‚¬0,00"
GIN,Insulae,"в‚¬24,00","в‚¬31,20",0,"в‚¬0,00"
GIN,Inverroche,"в‚¬33,00","в‚¬42,90",0,"в‚¬0,00"
GIN,Isfjord,"в‚¬25,00","в‚¬32,50",0,"в‚¬0,00"
GIN,Ish,"в‚¬27,00","в‚¬35,10",0,"в‚¬0,00"
GIN,Jberry,"в‚¬15,00","в‚¬19,50",0,"в‚¬0,00"
GIN,Jinzu,"в‚¬25,00","в‚¬32,50",0,"в‚¬0,00"
GIN,Ki No Bi Kyoto,"в‚¬32,50","в‚¬42,25",0,"в‚¬0,00"
GIN,Knut Hansen,"в‚¬21,00","в‚¬27,30",0,"в‚¬0,00"
GIN,Kokoro,"в‚¬19,50","в‚¬25,35",0,"в‚¬0,00"
GIN,Kyoto,"в‚¬32,50","в‚¬42,25",0,"в‚¬0,00"
GIN,Le Tribute,"в‚¬24,00","в‚¬31,20",0,"в‚¬0,00"
GIN,Mayfair,"в‚¬19,50","в‚¬25,35",0,"в‚¬0,00"
GIN,Mare,"в‚¬25,50","в‚¬33,15",0,"в‚¬0,00"
GIN,Mars Wa Bi,"в‚¬29,00","в‚¬37,70",0,"в‚¬0,00"
GIN,Marton,"в‚¬20,00","в‚¬26,00",0,"в‚¬0,00"
GIN,Monkey 47,"в‚¬22,00","в‚¬28,60",0,"в‚¬0,00"
GIN,Nicholson Original,"в‚¬17,00","в‚¬22,10",0,"в‚¬0,00"
GIN,Nouaison,"в‚¬25,50","в‚¬33,15",0,"в‚¬0,00"
GIN,Nordes,"в‚¬17,90","в‚¬23,27",0,"в‚¬0,00"
GIN,Number 0,"в‚¬0,00","в‚¬0,00",0,"в‚¬0,00"
GIN,Occitan,"в‚¬16,50","в‚¬21,45",6,"в‚¬99,00"
GIN,Old English,"в‚¬21,00","в‚¬27,30",0,"в‚¬0,00"
GIN,Ondina,"в‚¬23,50","в‚¬30,55",0,"в‚¬0,00"
GIN,Peter In Florence,"в‚¬25,00","в‚¬32,50",0,"в‚¬0,00"
GIN,Plymouth,"в‚¬15,00","в‚¬19,50",0,"в‚¬0,00"
GIN,Prairie,"в‚¬24,00","в‚¬31,20",0,"в‚¬0,00"
GIN,Roku Gin,"в‚¬19,00","в‚¬24,70",0,"в‚¬0,00"
GIN,Sabatini,"в‚¬24,00","в‚¬31,20",0,"в‚¬0,00"
GIN,Saffron,"в‚¬15,50","в‚¬20,15",0,"в‚¬0,00"
GIN,Saigon Baigur,"в‚¬27,00","в‚¬35,10",0,"в‚¬0,00"
GIN,Sakurao Classic,"в‚¬22,35","в‚¬29,06",0,"в‚¬0,00"
GIN,Savorini,"в‚¬19,50","в‚¬25,35",0,"в‚¬0,00"
GIN,Scapegrace,"в‚¬22,00","в‚¬28,60",0,"в‚¬0,00"
GIN,Silent Pool,"в‚¬26,00","в‚¬33,80",0,"в‚¬0,00"
GIN,Sir Edmond,"в‚¬27,00","в‚¬35,10",0,"в‚¬0,00"
GIN,Solo Wild,"в‚¬32,00","в‚¬41,60",0,"в‚¬0,00"
GIN,Sul,"в‚¬26,40","в‚¬34,32",0,"в‚¬0,00"
GIN,Tanqueray,"в‚¬10,16","в‚¬13,21",0,"в‚¬0,00"
GIN,Tenjaku,"в‚¬15,80","в‚¬20,54",0,"в‚¬0,00"
GIN,The Botanicals,"в‚¬22,00","в‚¬28,60",0,"в‚¬0,00"
GIN,Tomas Dakin,"в‚¬30,00","в‚¬39,00",0,"в‚¬0,00"
GIN,Vallombrosa,"в‚¬26,50","в‚¬34,45",0,"в‚¬0,00"
GIN,Vento,"в‚¬20,00","в‚¬26,00",0,"в‚¬0,00"
GIN,Villa,"в‚¬23,50","в‚¬30,55",0,"в‚¬0,00"
GIN,Whitley Neill,"в‚¬17,00","в‚¬22,10",0,"в‚¬0,00"
GIN,Winspiel,"в‚¬34,90","в‚¬45,37",0,"в‚¬0,00"
GIN,Zafire,"в‚¬8,50","в‚¬11,05",0,"в‚¬0,00"
"GIN 0,5",Engine,"в‚¬23,00","в‚¬29,90",12,"в‚¬276,00"
"GIN 0,5",Ginepraio,"в‚¬18,00","в‚¬23,40",0,"в‚¬0,00"
"GIN 0,5",Harahorn,"в‚¬0,00","в‚¬0,00",0,"в‚¬0,00"
"GIN 0,7",Engine,"в‚¬28,50","в‚¬37,05",0,"в‚¬0,00"
"GIN 0,7",Ginepraio,"в‚¬22,50","в‚¬29,25",6,"в‚¬135,00"
"GIN 1,75L",Saigon Baigur,"в‚¬72,00","в‚¬93,60",1,"в‚¬72,00"
GIN 24 TIPI,Beefeater 24,"в‚¬15,50","в‚¬20,15",0,"в‚¬0,00"
GIN 2L,Sabatini,"в‚¬105,00","в‚¬136,50",0,"в‚¬0,00"
GIN 7 LAGHI,Pisoni,"в‚¬29,00","в‚¬37,70",0,"в‚¬0,00"
GIN 72,Agua Guanches,"в‚¬36,00","в‚¬46,80",0,"в‚¬0,00"
GIN ALLA CANNABIS,Windmill,"в‚¬20,00","в‚¬26,00",0,"в‚¬0,00"
GIN ALTO,Distillering,"в‚¬19,00","в‚¬24,70",0,"в‚¬0,00"
GIN AMERICANO,Bootlegger,"в‚¬22,10","в‚¬28,73",0,"в‚¬0,00"
GIN AMERICANO,Liberator,"в‚¬22,10","в‚¬28,73",0,"в‚¬0,00"
GIN ANALCOLICO,Marzadro,"в‚¬12,00","в‚¬15,60",0,"в‚¬0,00"
GIN AUX AGRUMES,Distillerie De Monaco,"в‚¬26,50","в‚¬34,45",0,"в‚¬0,00"
GIN BARMASTER,Maschio,"в‚¬16,00","в‚¬20,80",0,"в‚¬0,00"
GIN BLACK,Amuerte,"в‚¬35,72","в‚¬46,44",0,"в‚¬0,00"
GIN BLACK,Neige Noire,"в‚¬47,00","в‚¬61,10",0,"в‚¬0,00"
GIN BLACK,Scapegrace,"в‚¬25,00","в‚¬32,50",0,"в‚¬0,00"
GIN BLOSSOM,Ukiyo,"в‚¬30,00","в‚¬39,00",0,"в‚¬0,00"
GIN BLU FATTO CON I FIORI DI IRIS,Magellano,"в‚¬22,04","в‚¬28,65",0,"в‚¬0,00"
GIN BLUE LABEL,Okinawa Recipe,"в‚¬31,86","в‚¬41,42",0,"в‚¬0,00"
GIN BOLLINGER,Anae,"в‚¬25,75","в‚¬33,48",0,"в‚¬0,00"
GIN CAPRI,Mare,"в‚¬30,50","в‚¬39,65",0,"в‚¬0,00"
GIN CINESE,Peddlers,"в‚¬23,00","в‚¬29,90",0,"в‚¬0,00"
GIN CROCODILE,Professore,"в‚¬21,00","в‚¬27,30",0,"в‚¬0,00"
GIN DA GIГ™,Distillering,"в‚¬19,00","в‚¬24,70",0,"в‚¬0,00"
GIN DRY GIN,Sipsmith,"в‚¬18,50","в‚¬24,05",0,"в‚¬0,00"
GIN EAST HYOGO,135В°,"в‚¬17,80","в‚¬23,14",0,"в‚¬0,00"
GIN FERDINANDO DE CINQUE,Bad Gin,"в‚¬26,40","в‚¬34,32",0,"в‚¬0,00"
GIN FLORA ADORA,Hendrick'S,"в‚¬27,50","в‚¬35,75",0,"в‚¬0,00"
GIN GIL,Jefferson,"в‚¬25,00","в‚¬32,50",0,"в‚¬0,00"
GIN GLASGOW,Makar,"в‚¬0,00","в‚¬0,00",0,"в‚¬0,00"
GIN GRAND CABARET,Hendrick'S,"в‚¬28,50","в‚¬37,05",0,"в‚¬0,00"
GIN GREEN,Amuerte,"в‚¬39,00","в‚¬50,70",0,"в‚¬0,00"
GIN ITALIANO,Ambrosia,"в‚¬18,50","в‚¬24,05",0,"в‚¬0,00"
GIN LIMONE,Malfy,"в‚¬18,50","в‚¬24,05",0,"в‚¬0,00"
GIN LONDON,"Beefeater 0,700","в‚¬10,50","в‚¬13,65",0,"в‚¬0,00"
GIN LONDON,Beefeater Nero,"в‚¬9,50","в‚¬12,35",0,"в‚¬0,00"
GIN LONDON DRY,Elephant,"в‚¬23,20","в‚¬30,16",0,"в‚¬0,00"
GIN LONEWOLF ORIGINAL,Brewdog,"в‚¬19,00","в‚¬24,70",0,"в‚¬0,00"
GIN LUNAR,Hendrick'S,"в‚¬0,00","в‚¬0,00",0,"в‚¬0,00"
GIN LUZ,Marzadro,"в‚¬22,00","в‚¬28,60",6,"в‚¬132,00"
GIN MADAME,Professore,"в‚¬22,00","в‚¬28,60",0,"в‚¬0,00"
GIN MARCONI,Poli Jacopo,"в‚¬19,00","в‚¬24,70",0,"в‚¬0,00"
GIN MEREGALLI,Botanic,"в‚¬32,00","в‚¬41,60",0,"в‚¬0,00"
GIN MONSIEUR,Professore,"в‚¬22,00","в‚¬28,60",0,"в‚¬0,00"
GIN N.O,Bodegas,"в‚¬18,00","в‚¬23,40",0,"в‚¬0,00"
GIN NATIVE,Killowen,"в‚¬24,00","в‚¬31,20",0,"в‚¬0,00"
GIN NAVY STRENGTH,Plymouth,"в‚¬28,00","в‚¬36,40",0,"в‚¬0,00"
GIN OCEAN WATER,Etsu Japanese,"в‚¬25,60","в‚¬33,28",0,"в‚¬0,00"
GIN OLD TOM,Haymans,"в‚¬16,95","в‚¬22,04",0,"в‚¬0,00"
GIN ORBIUM,Hendrick'S,"в‚¬28,30","в‚¬36,79",0,"в‚¬0,00"
GIN PENISOLA,Portofino,"в‚¬29,50","в‚¬38,35",0,"в‚¬0,00"
GIN PEPE,Fontezoppa,"в‚¬28,00","в‚¬36,40",0,"в‚¬0,00"
GIN POMPELMO,Malfy,"в‚¬18,50","в‚¬24,05",0,"в‚¬0,00"
GIN PORTOFINO,Portofino,"в‚¬28,50","в‚¬37,05",0,"в‚¬0,00"
GIN PURO,Maschio,"в‚¬19,00","в‚¬24,70",0,"в‚¬0,00"
GIN RED,Amuerte,"в‚¬39,00","в‚¬50,70",0,"в‚¬0,00"
GIN SAPPHIRE,Bombay,"в‚¬11,00","в‚¬14,30",0,"в‚¬0,00"
GIN SLOE,Elephant,"в‚¬27,50","в‚¬35,75",0,"в‚¬0,00"
GIN SPIRITED 48В°,Beckett'S,"в‚¬29,00","в‚¬37,70",0,"в‚¬0,00"
GIN STAR OF,Bombay,"в‚¬21,00","в‚¬27,30",0,"в‚¬0,00"
GIN SUMMER SOLSTICE,Hendrick'S,"в‚¬26,50","в‚¬34,45",0,"в‚¬0,00"
GIN SUMMERFULS,Miller'S,"в‚¬20,70","в‚¬26,91",0,"в‚¬0,00"
GIN TEN,Tanqueray,"в‚¬22,00","в‚¬28,60",0,"в‚¬0,00"
"GIN TEN 0,70",Tanqueray,"в‚¬18,00","в‚¬23,40",0,"в‚¬0,00"
GIN THOMAS,Dakin,"в‚¬30,00","в‚¬39,00",0,"в‚¬0,00"
GIN WESTBOURNE,Miller'S,"в‚¬27,00","в‚¬35,10",0,"в‚¬0,00"
GIN WHITE,Amuerte,"в‚¬38,50","в‚¬50,05",0,"в‚¬0,00"
GIN ZAFFERANO,Saffron,"в‚¬19,30","в‚¬25,09",0,"в‚¬0,00"
GLEN MORAY 2007,Samaroli,"в‚¬194,00","в‚¬252,20",0,"в‚¬0,00"
GLENLOSSIE 1997 SIGNATORY,Glenlossie,"в‚¬55,00","в‚¬71,50",0,"в‚¬0,00"
GOLD EDITION,Blanton'S,"в‚¬145,00","в‚¬188,50",1,"в‚¬145,00"
GOLD LINE LITRO,Beluga,"в‚¬0,00","в‚¬0,00",0,"в‚¬0,00"
GRAN MARNIER,Gran Marnier,"в‚¬14,00","в‚¬18,20",0,"в‚¬0,00"
GRAPEFRUIT GIN,Apium,"в‚¬12,00","в‚¬15,60",0,"в‚¬0,00"
GRAPPA,Alexander,"в‚¬10,00","в‚¬13,00",0,"в‚¬0,00"
GRAPPA,Castagner,"в‚¬12,00","в‚¬15,60",0,"в‚¬0,00"
GRAPPA,Lidia Prosecco,"в‚¬11,50","в‚¬14,95",0,"в‚¬0,00"
GRAPPA,Lidia Nera,"в‚¬11,50","в‚¬14,95",0,"в‚¬0,00"
GRAPPA,Lidia Gialla,"в‚¬11,50","в‚¬14,95",0,"в‚¬0,00"
GRAPPA,Luce + Bicchieri,"в‚¬26,00","в‚¬33,80",0,"в‚¬0,00"
GRAPPA,Ornellaia,"в‚¬17,50","в‚¬22,75",0,"в‚¬0,00"
GRAPPA,Romitorio,"в‚¬11,50","в‚¬14,95",0,"в‚¬0,00"
GRAPPA,Savorini,"в‚¬19,50","в‚¬25,35",0,"в‚¬0,00"
GRAPPA,Levi,"в‚¬30,00","в‚¬39,00",0,"в‚¬0,00"
GRAPPA 4 STAGIONI CHARDONNAY,Nonino,"в‚¬19,00","в‚¬24,70",0,"в‚¬0,00"
GRAPPA 4 STAGIONI MERLOT,Nonino,"в‚¬19,00","в‚¬24,70",0,"в‚¬0,00"
GRAPPA 4 STAGIONI MOSCATO,Nonino,"в‚¬21,00","в‚¬27,30",0,"в‚¬0,00"
GRAPPA 4 STAGIONI PROSECCO,Nonino,"в‚¬18,00","в‚¬23,40",0,"в‚¬0,00"
GRAPPA 5y,Sibona,"в‚¬16,00","в‚¬20,80",0,"в‚¬0,00"
GRAPPA 903,Maschio,"в‚¬11,40","в‚¬14,82",0,"в‚¬0,00"
GRAPPA AGRICOLA,Tosolin,"в‚¬13,50","в‚¬17,55",0,"в‚¬0,00"
GRAPPA AL MIELE,Poli Jacopo,"в‚¬10,50","в‚¬13,65",6,"в‚¬63,00"
GRAPPA ALBANA,Altavita,"в‚¬13,50","в‚¬17,55",0,"в‚¬0,00"
GRAPPA ALLA RUTA,Pisoni,"в‚¬13,00","в‚¬16,90",0,"в‚¬0,00"
GRAPPA AMARONE,Beccaris,"в‚¬14,00","в‚¬18,20",0,"в‚¬0,00"
GRAPPA AMARONE,Brunello,"в‚¬15,50","в‚¬20,15",0,"в‚¬0,00"
GRAPPA AMARONE,Marolo,"в‚¬20,00","в‚¬26,00",0,"в‚¬0,00"
GRAPPA AMARONE,Tedeschi,"в‚¬14,60","в‚¬18,98",0,"в‚¬0,00"
GRAPPA AMARONE OFF,Bonollo,"в‚¬23,50","в‚¬30,55",0,"в‚¬0,00"
GRAPPA AMARONE PRIME UVE,Maschio,"в‚¬40,00","в‚¬52,00",0,"в‚¬0,00"
GRAPPA AMARONE SHAPES,Beccaris,"в‚¬63,00","в‚¬81,90",2,"в‚¬126,00"
GRAPPA ANNIVERSARIO,Beccaris,"в‚¬28,00","в‚¬36,40",6,"в‚¬168,00"
GRAPPA ANTICA CUVEГ€,Nonino,"в‚¬33,00","в‚¬42,90",0,"в‚¬0,00"
GRAPPA ARNEIS,Beccaris,"в‚¬10,00","в‚¬13,00",0,"в‚¬0,00"
GRAPPA ARNEIS,Castello Barbaresco,"в‚¬13,90","в‚¬18,07",0,"в‚¬0,00"
GRAPPA ARNEIS,Marolo,"в‚¬13,00","в‚¬16,90",0,"в‚¬0,00"
GRAPPA B CHARDONNAY,Domenis,"в‚¬12,70","в‚¬16,51",0,"в‚¬0,00"
GRAPPA B MOSCATO,Domenis,"в‚¬13,00","в‚¬16,90",0,"в‚¬0,00"
GRAPPA B SAUVIGNON,Domenis,"в‚¬12,70","в‚¬16,51",0,"в‚¬0,00"
GRAPPA BARBARESCO,Castello Barbaresco,"в‚¬15,30","в‚¬19,89",0,"в‚¬0,00"
GRAPPA BARBARESCO,Giordano,"в‚¬12,50","в‚¬16,25",0,"в‚¬0,00"
GRAPPA BARBARESCO INVEC,Giordano,"в‚¬13,50","в‚¬17,55",0,"в‚¬0,00"
GRAPPA BARBARESCO RAMO,Beccaris,"в‚¬11,50","в‚¬14,95",6,"в‚¬69,00"
GRAPPA BAROLO,Castello Barbaresco,"в‚¬14,80","в‚¬19,24",0,"в‚¬0,00"
GRAPPA BAROLO,Culto,"в‚¬18,00","в‚¬23,40",0,"в‚¬0,00"
GRAPPA BAROLO 12y,Marolo,"в‚¬34,00","в‚¬44,20",0,"в‚¬0,00"
GRAPPA BAROLO 15y,Marolo,"в‚¬43,00","в‚¬55,90",6,"в‚¬258,00"
GRAPPA BAROLO 2006 IN LEGNO,Marolo,"в‚¬28,00","в‚¬36,40",0,"в‚¬0,00"
GRAPPA BAROLO 20y,Marolo,"в‚¬64,00","в‚¬83,20",3,"в‚¬192,00"
GRAPPA BAROLO 9y,Marolo,"в‚¬29,50","в‚¬38,35",0,"в‚¬0,00"
GRAPPA BAROLO BARRIQUE,Marolo,"в‚¬15,50","в‚¬20,15",0,"в‚¬0,00"
GRAPPA BAROLO BUSSIA,Marolo,"в‚¬16,00","в‚¬20,80",0,"в‚¬0,00"
GRAPPA BAROLO INVECCHIATO RAMO,Beccaris,"в‚¬11,50","в‚¬14,95",0,"в‚¬0,00"
GRAPPA BAROLO SAN BASTIAN,Marolo,"в‚¬17,00","в‚¬22,10",0,"в‚¬0,00"
GRAPPA BAROLO SHAPES,Beccaris,"в‚¬61,00","в‚¬79,30",1,"в‚¬61,00"
GRAPPA BARRIQUE,Borgo Scuro,"в‚¬15,50","в‚¬20,15",0,"в‚¬0,00"
GRAPPA BARRIQUE,Maschio Licio,"в‚¬24,00","в‚¬31,20",0,"в‚¬0,00"
GRAPPA BIANCA,Altavilla,"в‚¬12,00","в‚¬15,60",0,"в‚¬0,00"
GRAPPA BIANCA,Ceschia,"в‚¬6,50","в‚¬8,45",0,"в‚¬0,00"
GRAPPA BIANCA,Maschio Licio,"в‚¬22,00","в‚¬28,60",0,"в‚¬0,00"
GRAPPA BIANCA,Nonino,"в‚¬12,00","в‚¬15,60",0,"в‚¬0,00"
GRAPPA BIANCA AMARONE,Bonollo,"в‚¬13,30","в‚¬17,29",0,"в‚¬0,00"
GRAPPA BIANCA CHARDONNAY,Bonollo,"в‚¬10,00","в‚¬13,00",0,"в‚¬0,00"
GRAPPA BIANCA MOSCATO,Bonollo,"в‚¬10,00","в‚¬13,00",0,"в‚¬0,00"
GRAPPA BIANCA NERO D'AVOLA,Bonollo,"в‚¬10,00","в‚¬13,00",0,"в‚¬0,00"
GRAPPA BLANC E NERI RISERVA,Domenis,"в‚¬12,70","в‚¬16,51",0,"в‚¬0,00"
GRAPPA BRUNELLO LISINI,Marolo,"в‚¬18,00","в‚¬23,40",12,"в‚¬216,00"
GRAPPA BRUNELLO PRIME UVE,Caparzo,"в‚¬12,00","в‚¬15,60",0,"в‚¬0,00"
GRAPPA BRUNELLO PRIME UVE,Maschio,"в‚¬40,00","в‚¬52,00",0,"в‚¬0,00"
GRAPPA BUCCI,Marolo,"в‚¬16,00","в‚¬20,80",0,"в‚¬0,00"
GRAPPA CAMOMILLA,Beccaris,"в‚¬10,00","в‚¬13,00",0,"в‚¬0,00"
GRAPPA CAMOMILLA,Marolo,"в‚¬13,00","в‚¬16,90",12,"в‚¬156,00"
GRAPPA CAPO DI STATO,Venegazzu,"в‚¬15,00","в‚¬19,50",0,"в‚¬0,00"
GRAPPA CAPO DI STATO,Venegazzu,"в‚¬13,00","в‚¬16,90",0,"в‚¬0,00"
GRAPPA CHARDONNAY,Beccaris,"в‚¬14,00","в‚¬18,20",0,"в‚¬0,00"
GRAPPA CHARDONNAY,Mazzetti,"в‚¬13,50","в‚¬17,55",0,"в‚¬0,00"
GRAPPA CHARDONNAY,Segnana,"в‚¬10,00","в‚¬13,00",0,"в‚¬0,00"
GRAPPA CHARDONNAY BARRIQUE,Nonino,"в‚¬21,00","в‚¬27,30",0,"в‚¬0,00"
GRAPPA CHIANTI,Aiola,"в‚¬13,00","в‚¬16,90",0,"в‚¬0,00"
GRAPPA CLASSICA,Borgo Scuro,"в‚¬13,50","в‚¬17,55",0,"в‚¬0,00"
GRAPPA CLASSICA BORGOSCURO,Maschio Licio,"в‚¬16,00","в‚¬20,80",0,"в‚¬0,00"
GRAPPA CLASSICA BORGOSCURO INV.,Maschio Licio,"в‚¬18,00","в‚¬23,40",0,"в‚¬0,00"
GRAPPA CLEOPATRA AMARONE/MOSCATO,Poli Jacopo,"в‚¬22,00","в‚¬28,60",0,"в‚¬0,00"
GRAPPA DEDICATA AL PADRE,Marolo,"в‚¬25,00","в‚¬32,50",0,"в‚¬0,00"
"GRAPPA DEDICATA AL PADRE INVEC,LEGNI",Marolo,"в‚¬35,00","в‚¬45,50",0,"в‚¬0,00"
GRAPPA DEGLI ALBERI LITRO,Marolo,"в‚¬13,80","в‚¬17,94",0,"в‚¬0,00"
GRAPPA DI BRUNELLO,Uccelliera,"в‚¬12,80","в‚¬16,64",0,"в‚¬0,00"
GRAPPA DI NEBBIOLO,Ceretto,"в‚¬12,80","в‚¬16,64",0,"в‚¬0,00"
GRAPPA DI PERA,Psenner,"в‚¬12,90","в‚¬16,77",0,"в‚¬0,00"
GRAPPA DI SOAVE,Bisson,"в‚¬11,00","в‚¬14,30",0,"в‚¬0,00"
GRAPPA ENRICO,Duca Salaparuta,"в‚¬19,00","в‚¬24,70",0,"в‚¬0,00"
GRAPPA FUTURA12,Domenis,"в‚¬8,54","в‚¬11,10",0,"в‚¬0,00"
GRAPPA FUTURA36,Domenis,"в‚¬8,54","в‚¬11,10",0,"в‚¬0,00"
GRAPPA GENZIANA,Pisoni,"в‚¬13,00","в‚¬16,90",0,"в‚¬0,00"
GRAPPA GEWURZTRAMINER,Colterenzio,"в‚¬13,30","в‚¬17,29",0,"в‚¬0,00"
GRAPPA GEWURZTRAMINER,Marolo,"в‚¬18,00","в‚¬23,40",12,"в‚¬216,00"
GRAPPA GINEPRO,Antiche Distil. Riunite,"в‚¬7,00","в‚¬9,10",0,"в‚¬0,00"
GRAPPA HARMONIUM,Firriato,"в‚¬22,00","в‚¬28,60",0,"в‚¬0,00"
GRAPPA INVECCHIATA,Ceschia,"в‚¬9,50","в‚¬12,35",0,"в‚¬0,00"
"GRAPPA INVECCHIATA 0,75",Nonino,"в‚¬14,00","в‚¬18,20",0,"в‚¬0,00"
GRAPPA MAGNUM NUDO,Villa Zarri,"в‚¬54,00","в‚¬70,20",0,"в‚¬0,00"
GRAPPA MERLOT,Tosolin,"в‚¬10,00","в‚¬13,00",0,"в‚¬0,00"
GRAPPA MILLESIMATA CHARDONNAY,Castagner,"в‚¬13,50","в‚¬17,55",0,"в‚¬0,00"
GRAPPA MILLESIMATA PROSECCO,Nonino,"в‚¬20,00","в‚¬26,00",0,"в‚¬0,00"
GRAPPA MIRTILLO,Pisoni,"в‚¬13,00","в‚¬16,90",0,"в‚¬0,00"
GRAPPA MIRTILLO,Poli Jacopo,"в‚¬10,00","в‚¬13,00",0,"в‚¬0,00"
"GRAPPA MONOVITGNO VENDEMMIA 0,75",Nonino,"в‚¬16,50","в‚¬21,45",0,"в‚¬0,00"
GRAPPA MORIONDO,Marolo,"в‚¬17,00","в‚¬22,10",6,"в‚¬102,00"
GRAPPA MORSI DI LUCE,Florio,"в‚¬15,00","в‚¬19,50",0,"в‚¬0,00"
GRAPPA MOSCATO,Castello Barbaresco,"в‚¬13,90","в‚¬18,07",0,"в‚¬0,00"
GRAPPA MOSCATO,Crotta,"в‚¬9,20","в‚¬11,96",0,"в‚¬0,00"
GRAPPA MOSCATO,Culto,"в‚¬18,00","в‚¬23,40",0,"в‚¬0,00"
GRAPPA MOSCATO,Marolo,"в‚¬16,00","в‚¬20,80",6,"в‚¬96,00"
GRAPPA MOSCATO,Mazzetti,"в‚¬14,00","в‚¬18,20",0,"в‚¬0,00"
GRAPPA MOSCATO,Pisoni,"в‚¬15,90","в‚¬20,67",0,"в‚¬0,00"
GRAPPA MOSCATO,Tosolin,"в‚¬10,50","в‚¬13,65",0,"в‚¬0,00"
GRAPPA MOSCATO APRES 5y,Marolo,"в‚¬17,60","в‚¬22,88",6,"в‚¬105,60"
GRAPPA MOSCATO INVECCHIATO,Mazzetti,"в‚¬15,00","в‚¬19,50",0,"в‚¬0,00"
GRAPPA MOSCATO INVECCHIATO RAMO,Beccaris,"в‚¬11,50","в‚¬14,95",18,"в‚¬207,00"
GRAPPA MOSCATO RAMO,Beccaris,"в‚¬11,50","в‚¬14,95",0,"в‚¬0,00"
GRAPPA MOSCATO RISERVA,Beccaris,"в‚¬11,00","в‚¬14,30",0,"в‚¬0,00"
GRAPPA MOSCATO SHAPES,Beccaris,"в‚¬61,00","в‚¬79,30",1,"в‚¬61,00"
GRAPPA MULLER-THURGAU,Avistus,"в‚¬9,00","в‚¬11,70",0,"в‚¬0,00"
GRAPPA MULLER-THURGAU,Segnana,"в‚¬10,00","в‚¬13,00",0,"в‚¬0,00"
GRAPPA NEBBIOLO,Marolo,"в‚¬17,00","в‚¬22,10",0,"в‚¬0,00"
GRAPPA NEBBIOLO,Mazzetti,"в‚¬15,00","в‚¬19,50",0,"в‚¬0,00"
GRAPPA NEBBIOLO BIANCA,Beccaris,"в‚¬11,00","в‚¬14,30",0,"в‚¬0,00"
GRAPPA NEBBIOLO RISERVA,Beccaris,"в‚¬11,00","в‚¬14,30",0,"в‚¬0,00"
GRAPPA NEBBIOLO SHAPES,Beccaris,"в‚¬61,00","в‚¬79,30",0,"в‚¬0,00"
GRAPPA NOSIOLA,Pisoni,"в‚¬15,00","в‚¬19,50",0,"в‚¬0,00"
GRAPPA NOSIOLA 0'500,Pojer,"в‚¬14,00","в‚¬18,20",0,"в‚¬0,00"
"GRAPPA PICOLI 0,250",Nonino,"в‚¬41,00","в‚¬53,30",0,"в‚¬0,00"
"GRAPPA PICOLIT ,500",Nonino,"в‚¬65,00","в‚¬84,50",0,"в‚¬0,00"
GRAPPA PIGATO,Marolo,"в‚¬16,00","в‚¬20,80",0,"в‚¬0,00"
GRAPPA PIGATO,Marolo,"в‚¬14,00","в‚¬18,20",0,"в‚¬0,00"
GRAPPA PIGATO/VERMENTINO,Beccaris,"в‚¬11,00","в‚¬14,30",0,"в‚¬0,00"
GRAPPA PIGNOLETTO,Isola,"в‚¬9,50","в‚¬12,35",0,"в‚¬0,00"
GRAPPA PRIME IVE NERE,Maschio,"в‚¬15,30","в‚¬19,89",0,"в‚¬0,00"
GRAPPA PRIME UVE BIANCHE,Maschio,"в‚¬14,30","в‚¬18,59",0,"в‚¬0,00"
GRAPPA PRIME UVE ORO,Maschio,"в‚¬20,00","в‚¬26,00",0,"в‚¬0,00"
GRAPPA PROSECCO,Nonino,"в‚¬25,00","в‚¬32,50",0,"в‚¬0,00"
GRAPPA PROSECCO,Tosolin,"в‚¬9,20","в‚¬11,96",0,"в‚¬0,00"
GRAPPA QUATER,Firriato,"в‚¬15,00","в‚¬19,50",0,"в‚¬0,00"
GRAPPA QUINTESSENTIA,Nonino,"в‚¬12,00","в‚¬15,60",0,"в‚¬0,00"
GRAPPA RAMANDOLO,Tosolin,"в‚¬12,00","в‚¬15,60",0,"в‚¬0,00"
GRAPPA REFOSCO,Domenis,"в‚¬14,00","в‚¬18,20",0,"в‚¬0,00"
GRAPPA REFOSCO,Nonino,"в‚¬25,00","в‚¬32,50",0,"в‚¬0,00"
GRAPPA RIBOLLA GIALLA,Domenis,"в‚¬14,00","в‚¬18,20",0,"в‚¬0,00"
GRAPPA RIS DI ANNATA,Nonino,"в‚¬19,00","в‚¬24,70",0,"в‚¬0,00"
GRAPPA RISERVA,Tosolin,"в‚¬10,50","в‚¬13,65",0,"в‚¬0,00"
GRAPPA RISERVA BAROLO,Altavilla,"в‚¬20,00","в‚¬26,00",0,"в‚¬0,00"
GRAPPA RUTA,Antiche Distil. Riunite,"в‚¬7,00","в‚¬9,10",0,"в‚¬0,00"
GRAPPA SAGRANTINO PRIME UVE,Maschio,"в‚¬40,00","в‚¬52,00",0,"в‚¬0,00"
GRAPPA SANGIOVESE,Altavita,"в‚¬12,50","в‚¬16,25",0,"в‚¬0,00"
GRAPPA SAUVIGNON,Montecucco,"в‚¬10,00","в‚¬13,00",0,"в‚¬0,00"
GRAPPA SCHIOPPETTINO,Domenis,"в‚¬14,00","в‚¬18,20",0,"в‚¬0,00"
GRAPPA SECOLO 60В°,Domenis,"в‚¬23,06","в‚¬29,98",0,"в‚¬0,00"
GRAPPA SELEZIONE NIEEPORT,Poli Jacopo,"в‚¬35,00","в‚¬45,50",0,"в‚¬0,00"
GRAPPA SELEZIONE RHUM CLEMENT,Poli Jacopo,"в‚¬35,00","в‚¬45,50",0,"в‚¬0,00"
GRAPPA SELEZIONE SHERRY PX,Poli Jacopo,"в‚¬35,00","в‚¬45,50",0,"в‚¬0,00"
GRAPPA STORICA 10y RISERVA,Domenis,"в‚¬27,00","в‚¬35,10",0,"в‚¬0,00"
GRAPPA STORICA B,Domenis,"в‚¬22,00","в‚¬28,60",24,"в‚¬528,00"
GRAPPA STORICA D'UVA,Domenis,"в‚¬13,00","в‚¬16,90",0,"в‚¬0,00"
GRAPPA STORICA N,Domenis,"в‚¬22,00","в‚¬28,60",30,"в‚¬660,00"
GRAPPA TEROLDEGO,Pisoni,"в‚¬15,00","в‚¬19,50",0,"в‚¬0,00"
GRAPPA TIGNANELLO,Antinori,"в‚¬19,00","в‚¬24,70",0,"в‚¬0,00"
GRAPPA TOCAI,Brunello,"в‚¬11,80","в‚¬15,34",0,"в‚¬0,00"
GRAPPA TORBA NERA,Castagner,"в‚¬18,50","в‚¬24,05",0,"в‚¬0,00"
GRAPPA TOUCHE VINO ROUCHE,Mazzetti,"в‚¬13,00","в‚¬16,90",6,"в‚¬78,00"
GRAPPA UГ€ 2 LITRI,Nonino,"в‚¬33,11","в‚¬43,04",0,"в‚¬0,00"
GRAPPA UГ€ FRAGOLINO,Nonino,"в‚¬15,50","в‚¬20,15",0,"в‚¬0,00"
GRAPPA UГ€ PROSECCO,Nonino,"в‚¬14,80","в‚¬19,24",0,"в‚¬0,00"
GRAPPA UГ€ UVA BIANCA,Nonino,"в‚¬13,80","в‚¬17,94",0,"в‚¬0,00"
GRAPPA UVE BIANCHE,Culto,"в‚¬18,00","в‚¬23,40",0,"в‚¬0,00"
GRAPPA VENDEMMIA,Nonino,"в‚¬18,00","в‚¬23,40",0,"в‚¬0,00"
GRAPPA VERDUZZO,Nonino,"в‚¬25,00","в‚¬32,50",0,"в‚¬0,00"
GRAPPA X.O,Sibona,"в‚¬20,50","в‚¬26,65",12,"в‚¬246,00"
GRAPPA ZIBIBBO,Miceli,"в‚¬13,50","в‚¬17,55",0,"в‚¬0,00"
GRAPPE,Lidia Traminer,"в‚¬11,50","в‚¬14,95",0,"в‚¬0,00"
GREAT HOUSE DISTILLERY 2023,Hampden,"в‚¬70,00","в‚¬91,00",1,"в‚¬70,00"
GREEN SPOT,Spot Range,"в‚¬30,50","в‚¬39,65",0,"в‚¬0,00"
GUAPPA,Petrone,"в‚¬11,00","в‚¬14,30",0,"в‚¬0,00"
HAND PICKED,Yellowstone,"в‚¬42,00","в‚¬54,60",0,"в‚¬0,00"
HARMONY INTENSE ARABICA 44В°,Macallan,"в‚¬135,00","в‚¬175,50",2,"в‚¬270,00"
HEAVILY PEATED,Kilkerran,"в‚¬39,00","в‚¬50,70",0,"в‚¬0,00"
HIBIKI,Suntory,"в‚¬50,00","в‚¬65,00",0,"в‚¬0,00"
HIERBAS IBIZA,Hierbas,"в‚¬19,00","в‚¬24,70",0,"в‚¬0,00"
HIGH VOLTAGE,Smokehead,"в‚¬41,00","в‚¬53,30",0,"в‚¬0,00"
INFINITE LOCH,Ardnahoe,"в‚¬52,00","в‚¬67,60",0,"в‚¬0,00"
INVECCHIATA,Libarna,"в‚¬20,50","в‚¬26,65",0,"в‚¬0,00"
INVERGORDON 34y,Thompson Bros,"в‚¬62,00","в‚¬80,60",0,"в‚¬0,00"
IRISH WHISKEY 7y,Glendalough,"в‚¬0,00","в‚¬0,00",0,"в‚¬0,00"
IRISH WHISKEY PEATED,Connemara,"в‚¬19,30","в‚¬25,09",0,"в‚¬0,00"
ISABELLA FRAGOLINO,Capovilla,"в‚¬21,00","в‚¬27,30",0,"в‚¬0,00"
ISLAY,Samaroli,"в‚¬109,00","в‚¬141,70",0,"в‚¬0,00"
ISLAY DRY GIN,Botanist,"в‚¬30,00","в‚¬39,00",0,"в‚¬0,00"
ITALIAN WHISKY GOLD,Puni,"в‚¬34,00","в‚¬44,20",0,"в‚¬0,00"
J.WALKER BLACK,J.Walker,"в‚¬17,50","в‚¬22,75",0,"в‚¬0,00"
J.WOLKER BLU,J.Wolker,"в‚¬125,00","в‚¬162,50",0,"в‚¬0,00"
JACK DANIEL HONEY,Jack Daniel,"в‚¬15,00","в‚¬19,50",0,"в‚¬0,00"
JACK DANIEL SINGLE,Jack Daniel,"в‚¬24,60","в‚¬31,98",0,"в‚¬0,00"
JACK DANIEL SINGLE BARREL,Jack Daniel,"в‚¬25,00","в‚¬32,50",0,"в‚¬0,00"
JACK DANIEL VERDE,Jack Daniel,"в‚¬17,80","в‚¬23,14",0,"в‚¬0,00"
JAUNE,Chartreuse,"в‚¬25,00","в‚¬32,50",6,"в‚¬150,00"
JOVEN,Clase Azul,"в‚¬103,00","в‚¬133,90",0,"в‚¬0,00"
KANIKE RHUM,Kanike,"в‚¬16,85","в‚¬21,91",0,"в‚¬0,00"
KASEI,Mars,"в‚¬25,00","в‚¬32,50",0,"в‚¬0,00"
KENTUCKY,Evan Williams,"в‚¬28,20","в‚¬36,66",0,"в‚¬0,00"
KENTUCKY BOURBON,Evan Williams,"в‚¬12,00","в‚¬15,60",0,"в‚¬0,00"
KIRSCH,Massanez,"в‚¬24,50","в‚¬31,85",0,"в‚¬0,00"
KIRSCH,Wants,"в‚¬16,00","в‚¬20,80",0,"в‚¬0,00"
L'ANGELO INVECCHIATA,Berta,"в‚¬14,00","в‚¬18,20",0,"в‚¬0,00"
LAGAVULIN 12y DIAGEO LIMITED EDI,Lagavulin,"в‚¬83,00","в‚¬107,90",0,"в‚¬0,00"
LAGAVULIN 1995,Lagavulin D.M,"в‚¬62,85","в‚¬81,71",0,"в‚¬0,00"
LAGAVULIN 8y,Lagavulin '8,"в‚¬40,00","в‚¬52,00",0,"в‚¬0,00"
LAPHROAIG 18y,Laphroaig,"в‚¬72,50","в‚¬94,25",0,"в‚¬0,00"
LAPHROAIG LORE,Laphroaig,"в‚¬61,00","в‚¬79,30",0,"в‚¬0,00"
LAPHROAIG QUARTER,Laphroaig,"в‚¬25,50","в‚¬33,15",0,"в‚¬0,00"
LAPHROAIG SELECT,Laphroaig,"в‚¬20,00","в‚¬26,00",0,"в‚¬0,00"
LAST DROPS,Nine Leaves,"в‚¬45,00","в‚¬58,50",1,"в‚¬45,00"
LBV,Pescarmona,"в‚¬10,75","в‚¬13,98",0,"в‚¬0,00"
LBV 2007 PORTO,Churchill,"в‚¬14,00","в‚¬18,20",0,"в‚¬0,00"
LBV 2016,Barros,"в‚¬16,00","в‚¬20,80",0,"в‚¬0,00"
LEGEND CUBA RUM,Valdespino,"в‚¬310,00","в‚¬403,00",0,"в‚¬0,00"
LEGNO ROVERE,Tosolin,"в‚¬15,00","в‚¬19,50",0,"в‚¬0,00"
LIMONCELLO,Campo Del Sole,"в‚¬5,60","в‚¬7,28",0,"в‚¬0,00"
LIMONCELLO,D&C,"в‚¬8,00","в‚¬10,40",0,"в‚¬0,00"
LIMONCELLO,Il Convento,"в‚¬8,50","в‚¬11,05",0,"в‚¬0,00"
LIMONCELLO,Molinari,"в‚¬9,00","в‚¬11,70",0,"в‚¬0,00"
LIMONCELLO,Nastro D'Oro,"в‚¬5,00","в‚¬6,50",0,"в‚¬0,00"
LIMONCELLO,Petrone,"в‚¬10,00","в‚¬13,00",0,"в‚¬0,00"
LIMONCELLO,Piemme,"в‚¬10,00","в‚¬13,00",0,"в‚¬0,00"
LIMONCELLO,Pirozzi,"в‚¬5,00","в‚¬6,50",0,"в‚¬0,00"
LIMONCELLO,Villa Massa,"в‚¬11,50","в‚¬14,95",0,"в‚¬0,00"
"LIMONCELLO 0,50",Molinari,"в‚¬5,60","в‚¬7,28",0,"в‚¬0,00"
"LIMONCELLO 0,75",Cassano,"в‚¬6,95","в‚¬9,04",0,"в‚¬0,00"
LIMONCELLO CAPRI LITRO,Capri,"в‚¬11,00","в‚¬14,30",18,"в‚¬198,00"
LIMONCELLO LT,Cassano,"в‚¬7,80","в‚¬10,14",0,"в‚¬0,00"
LIMONSARDO,Tre Montis,"в‚¬13,50","в‚¬17,55",0,"в‚¬0,00"
LINKWOOD 2008,Signatory,"в‚¬39,20","в‚¬50,96",0,"в‚¬0,00"
LINKWOOD 20y,Rossi&Rossi,"в‚¬59,00","в‚¬76,70",0,"в‚¬0,00"
LIQUER DE ELIXIR 1605,Chartreuse,"в‚¬42,00","в‚¬54,60",0,"в‚¬0,00"
LIQUERIZIA,Petrone,"в‚¬7,00","в‚¬9,10",0,"в‚¬0,00"
LIQUEUR 9 CENTENAIRE,Chartreuse,"в‚¬59,00","в‚¬76,70",0,"в‚¬0,00"
LIQUORE,Venturo,"в‚¬12,00","в‚¬15,60",0,"в‚¬0,00"
LIQUORE ALL'ARANCIA,Grand Marnier,"в‚¬12,15","в‚¬15,80",0,"в‚¬0,00"
LIQUORE AMARETTO,Amaretto Club,"в‚¬19,00","в‚¬24,70",0,"в‚¬0,00"
LIQUORE SAMBUCO,Ellenor,"в‚¬18,81","в‚¬24,45",0,"в‚¬0,00"
LOCAL BARLEY 10y,Springbank,"в‚¬75,00","в‚¬97,50",1,"в‚¬75,00"
LONDON DRY GIN,Apium,"в‚¬12,00","в‚¬15,60",0,"в‚¬0,00"
LUSTAU EAST INDIA,Murillo,"в‚¬0,00","в‚¬0,00",0,"в‚¬0,00"
LUSTAU FINO,Murillo,"в‚¬14,50","в‚¬18,85",0,"в‚¬0,00"
MACHIR BAY,Kilchoman,"в‚¬36,50","в‚¬47,45",0,"в‚¬0,00"
MADEIRA,Blandy'S 5y,"в‚¬12,35","в‚¬16,06",0,"в‚¬0,00"
MADEIRA,Cossart Gordon Bual,"в‚¬0,00","в‚¬0,00",0,"в‚¬0,00"
MADEIRA,Henriques,"в‚¬12,00","в‚¬15,60",0,"в‚¬0,00"
MADEIRA,Sibona,"в‚¬16,50","в‚¬21,45",0,"в‚¬0,00"
MADEIRA DRY,Justino'S,"в‚¬9,50","в‚¬12,35",0,"в‚¬0,00"
MADEIRA MEREGALLI,Madeira Full Rich 3y,"в‚¬8,80","в‚¬11,44",0,"в‚¬0,00"
MADEIRA MEREGALLI,Madeira 10y,"в‚¬23,00","в‚¬29,90",0,"в‚¬0,00"
MADEIRA RICH,Justino's,"в‚¬9,50","в‚¬12,35",0,"в‚¬0,00"
MAGIA,Berta,"в‚¬78,00","в‚¬101,40",0,"в‚¬0,00"
MALBE,Piedra Negra,"в‚¬11,00","в‚¬14,30",0,"в‚¬0,00"
MARASCHINO,Drioli,"в‚¬18,00","в‚¬23,40",0,"в‚¬0,00"
MARASCHINO,Maraska,"в‚¬12,50","в‚¬16,25",0,"в‚¬0,00"
MARC DE BURGOGNE 1990,R.Conti,"в‚¬175,00","в‚¬227,50",0,"в‚¬0,00"
MARC DE BURGOGNE 1991,Conti,"в‚¬175,00","в‚¬227,50",0,"в‚¬0,00"
MARC DE BURGOGNE 1994,Conti,"в‚¬205,00","в‚¬266,50",0,"в‚¬0,00"
MARC DE CHAMPAGNE,Moet-Chandon,"в‚¬17,00","в‚¬22,10",0,"в‚¬0,00"
MARCVS VERMOUTH,Gotha,"в‚¬14,50","в‚¬18,85",0,"в‚¬0,00"
MARTINI AMBRA,Martini,"в‚¬8,50","в‚¬11,05",0,"в‚¬0,00"
MARTINI BIANCO/ROSSO,Martini,"в‚¬4,55","в‚¬5,92",0,"в‚¬0,00"
MARTINI BITTER,Martini,"в‚¬8,00","в‚¬10,40",0,"в‚¬0,00"
MARTINI DRY,Martini,"в‚¬4,95","в‚¬6,44",0,"в‚¬0,00"
MARTINI RUBINO,Martini,"в‚¬8,70","в‚¬11,31",0,"в‚¬0,00"
MEDITERRANEO GIN 42,Poli Jacopo,"в‚¬19,00","в‚¬24,70",0,"в‚¬0,00"
MELE COTOGNE,Pojer,"в‚¬16,60","в‚¬21,58",0,"в‚¬0,00"
MELE DECIO DI BELFIORE,Capovilla,"в‚¬39,00","в‚¬50,70",0,"в‚¬0,00"
MENEGIKS GIN,Gotha,"в‚¬23,50","в‚¬30,55",0,"в‚¬0,00"
MEZCAL,Gusano Rojo,"в‚¬17,54","в‚¬22,80",0,"в‚¬0,00"
MEZCAL,Montelobos Espadin,"в‚¬24,60","в‚¬31,98",0,"в‚¬0,00"
MEZCAL,Sazerac Monte Alban,"в‚¬18,00","в‚¬23,40",0,"в‚¬0,00"
MEZCAL ENSEMBLE,Montelobos,"в‚¬40,00","в‚¬52,00",0,"в‚¬0,00"
MEZCAL ESPADIN,Amores,"в‚¬27,00","в‚¬35,10",0,"в‚¬0,00"
MEZCAL JOVEN,Encantado,"в‚¬22,00","в‚¬28,60",0,"в‚¬0,00"
MEZCAL JOVEN,San Cosme,"в‚¬25,30","в‚¬32,89",0,"в‚¬0,00"
MIRTILLO,Petrone,"в‚¬7,00","в‚¬9,10",0,"в‚¬0,00"
MIRTO,Raro Wild,"в‚¬23,60","в‚¬30,68",0,"в‚¬0,00"
MIRTO,Tre Montis,"в‚¬14,00","в‚¬18,20",18,"в‚¬252,00"
MIRTO ROSSO,Carta,"в‚¬17,50","в‚¬22,75",0,"в‚¬0,00"
MIYAGINYO 10y,Nikka,"в‚¬52,00","в‚¬67,60",0,"в‚¬0,00"
MOF,Chartreuse,"в‚¬45,00","в‚¬58,50",0,"в‚¬0,00"
MONTEACUTO,Berta,"в‚¬33,00","в‚¬42,90",0,"в‚¬0,00"
MORBIDA,Marzadro,"в‚¬13,00","в‚¬16,90",0,"в‚¬0,00"
MORTLACH 2009,Signatory,"в‚¬42,00","в‚¬54,60",0,"в‚¬0,00"
MORTLACH 20y,Rossi&Rossi,"в‚¬56,00","в‚¬72,80",0,"в‚¬0,00"
MOSCATO,Levi,"в‚¬34,00","в‚¬44,20",0,"в‚¬0,00"
MOSCATO,Marzadro,"в‚¬12,70","в‚¬16,51",0,"в‚¬0,00"
MOSCATO,Poli Jacopo,"в‚¬27,50","в‚¬35,75",0,"в‚¬0,00"
MOSCATO,Sibona,"в‚¬11,80","в‚¬15,34",0,"в‚¬0,00"
MOSCATO CLASSICA,Brunello,"в‚¬11,80","в‚¬15,34",0,"в‚¬0,00"
MOSCATO FIOR ARANCIO,Capovilla,"в‚¬24,50","в‚¬31,85",0,"в‚¬0,00"
MOSCATO GIALLO,Capovilla,"в‚¬25,00","в‚¬32,50",0,"в‚¬0,00"
MOSCATO INV.,Libarna,"в‚¬16,50","в‚¬21,45",0,"в‚¬0,00"
MOSCATO LIGNUM,Bonollo,"в‚¬18,50","в‚¬24,05",0,"в‚¬0,00"
MOSCATO MOST,Tosolin,"в‚¬23,00","в‚¬29,90",0,"в‚¬0,00"
MOSCATO ROSA,Capovilla,"в‚¬40,00","в‚¬52,00",0,"в‚¬0,00"
MOST AMARONE,Tosolin,"в‚¬18,60","в‚¬24,18",0,"в‚¬0,00"
MOST FRAGOLINO,Tosolini,"в‚¬23,00","в‚¬29,90",0,"в‚¬0,00"
MOST MOSCATO ROSA,Tosolin,"в‚¬22,50","в‚¬29,25",0,"в‚¬0,00"
MOST PICOLIT,Tosolin,"в‚¬25,00","в‚¬32,50",0,"в‚¬0,00"
MOST UVE MISTE,Tosolin,"в‚¬18,00","в‚¬23,40",0,"в‚¬0,00"
MULLER-CHARD-NOSIOLA/PINOT NERO ROSSO F,Pojer,"в‚¬14,00","в‚¬18,20",0,"в‚¬0,00"
MURRAY MC DAVID '93 SYRAN 12y,Mortlach,"в‚¬23,00","в‚¬29,90",0,"в‚¬0,00"
NEBBIOLO,Sibona,"в‚¬10,50","в‚¬13,65",0,"в‚¬0,00"
NEPTUNIA,Hendrick'S,"в‚¬29,00","в‚¬37,70",0,"в‚¬0,00"
NIBBIO,Berta,"в‚¬14,50","в‚¬18,85",0,"в‚¬0,00"
NOAH FRAGOLINO,Capovilla,"в‚¬29,00","в‚¬37,70",0,"в‚¬0,00"
NOCINO,Agazzotti,"в‚¬11,80","в‚¬15,34",0,"в‚¬0,00"
NOCINO,Garuti,"в‚¬10,00","в‚¬13,00",0,"в‚¬0,00"
NOCINO,Il Mallo,"в‚¬8,30","в‚¬10,79",12,"в‚¬99,60"
NOCINO,Streghe,"в‚¬9,50","в‚¬12,35",0,"в‚¬0,00"
NOCINO,Villa Zarri,"в‚¬21,00","в‚¬27,30",0,"в‚¬0,00"
NOCINO RIS,Il Mallo,"в‚¬16,20","в‚¬21,06",12,"в‚¬194,40"
NOCINO RISERVA,Streghe,"в‚¬11,50","в‚¬14,95",0,"в‚¬0,00"
NOSIOLA,Pisoni,"в‚¬12,00","в‚¬15,60",0,"в‚¬0,00"
OASIUM,Hendrick'S,"в‚¬29,50","в‚¬38,35",0,"в‚¬0,00"
"OCTOMORE 14,1",Bruichladdich,"в‚¬115,00","в‚¬149,50",1,"в‚¬115,00"
OLD TOM GIN,Killowen,"в‚¬28,00","в‚¬36,40",0,"в‚¬0,00"
OLOROSO WOOD 8y,Hazelburn,"в‚¬59,00","в‚¬76,70",0,"в‚¬0,00"
ORANGE,Beccaris,"в‚¬10,00","в‚¬13,00",0,"в‚¬0,00"
ORANGE BITTER,Angostura,"в‚¬7,27","в‚¬9,45",0,"в‚¬0,00"
ORGANIC 04,Pasquet,"в‚¬24,00","в‚¬31,20",0,"в‚¬0,00"
ORIGINAL SINGLE BARREL,Blanton'S,"в‚¬111,00","в‚¬144,30",1,"в‚¬111,00"
PAGLIERINA,Levi,"в‚¬38,50","в‚¬50,05",0,"в‚¬0,00"
PALOMINO FINO,Tio Pepe,"в‚¬9,00","в‚¬11,70",6,"в‚¬54,00"
PASTIS,Pastis Vincenzi,"в‚¬8,50","в‚¬11,05",0,"в‚¬0,00"
PEATED,Longrow,"в‚¬45,00","в‚¬58,50",1,"в‚¬45,00"
PEATED 18y,Longrow,"в‚¬105,00","в‚¬136,50",1,"в‚¬105,00"
PEDRO DE ANADA,Alvear,"в‚¬11,50","в‚¬14,95",0,"в‚¬0,00"
PEDRO XIMENEZ,Dom Pix,"в‚¬21,00","в‚¬27,30",6,"в‚¬126,00"
PEDRO XIMENEZ,Don Guido 20y,"в‚¬25,00","в‚¬32,50",0,"в‚¬0,00"
PEDRO XIMENEZ,Don Guido 30y,"в‚¬24,00","в‚¬31,20",4,"в‚¬96,00"
PEDRO XIMENEZ,El Candado,"в‚¬14,00","в‚¬18,20",0,"в‚¬0,00"
PEDRO XIMENEZ,Murillo,"в‚¬26,50","в‚¬34,45",0,"в‚¬0,00"
PEDRO XIMENEZ '02,Dom Pix,"в‚¬38,90","в‚¬50,57",0,"в‚¬0,00"
PEDRO XIMENEZ 15y,Don Zolio,"в‚¬8,50","в‚¬11,05",6,"в‚¬51,00"
PEDRO XIMENEZ GRANDES SOLERAS,Alvear,"в‚¬18,00","в‚¬23,40",0,"в‚¬0,00"
PERA,Pojer,"в‚¬15,80","в‚¬20,54",0,"в‚¬0,00"
PERA WILLIAMS,Capovilla,"в‚¬41,00","в‚¬53,30",0,"в‚¬0,00"
PERGOLA,Visner,"в‚¬6,30","в‚¬8,19",0,"в‚¬0,00"
PERNOD,Pernod,"в‚¬8,50","в‚¬11,05",0,"в‚¬0,00"
PESCA SATURNO,Capovilla,"в‚¬49,00","в‚¬63,70",0,"в‚¬0,00"
PIGSKIN,Carta,"в‚¬23,00","в‚¬29,90",0,"в‚¬0,00"
PINEAU DE CHARANT,Pineau De Charant,"в‚¬10,50","в‚¬13,65",0,"в‚¬0,00"
PIROLIZIA,Pirozzi,"в‚¬6,85","в‚¬8,91",0,"в‚¬0,00"
PISCO,Torres,"в‚¬18,50","в‚¬24,05",0,"в‚¬0,00"
PISCO ACHOLADO,Campo De Encanto,"в‚¬26,75","в‚¬34,78",0,"в‚¬0,00"
PISCO DOBLE,Capel,"в‚¬13,00","в‚¬16,90",12,"в‚¬156,00"
PISCO PURO QUEBRANTA,1615,"в‚¬21,50","в‚¬27,95",0,"в‚¬0,00"
POвЂ™ AROMATICA,Poli Jacopo,"в‚¬15,50","в‚¬20,15",0,"в‚¬0,00"
POвЂ™ MORBIDA MOSCATO,Poli Jacopo,"в‚¬15,10","в‚¬19,63",0,"в‚¬0,00"
PO' MOSCATO,Poli Jacopo,"в‚¬15,70","в‚¬20,41",0,"в‚¬0,00"
POвЂ™ TRAMINER,Poli Jacopo,"в‚¬15,50","в‚¬20,15",0,"в‚¬0,00"
POIRE WILLIAMS,Massanez,"в‚¬24,50","в‚¬31,85",0,"в‚¬0,00"
POIRE WILLIAMS,Wants,"в‚¬18,00","в‚¬23,40",0,"в‚¬0,00"
POLI BARRIQUE DELLA FAMIGLIA,Poli Jacopo,"в‚¬40,00","в‚¬52,00",0,"в‚¬0,00"
POLI PERA,Poli Jacopo,"в‚¬16,50","в‚¬21,45",0,"в‚¬0,00"
PORT ELLEN 28y,Rossi&Rossi,"в‚¬175,00","в‚¬227,50",0,"в‚¬0,00"
PORT FINISH,Finlaggan,"в‚¬0,00","в‚¬0,00",0,"в‚¬0,00"
PORTO,Delaforce,"в‚¬7,14","в‚¬9,28",0,"в‚¬0,00"
PORTO,Delaforce 10y,"в‚¬14,10","в‚¬18,33",0,"в‚¬0,00"
PORTO,Delaforce Tawny,"в‚¬24,00","в‚¬31,20",0,"в‚¬0,00"
PORTO,Graham'S Res L.B.V,"в‚¬16,00","в‚¬20,80",0,"в‚¬0,00"
PORTO,Graham'S Vint.'80,"в‚¬75,00","в‚¬97,50",0,"в‚¬0,00"
PORTO,Noval 10y,"в‚¬19,16","в‚¬24,91",0,"в‚¬0,00"
PORTO,Sibona,"в‚¬16,50","в‚¬21,45",0,"в‚¬0,00"
PORTO '94,Croft,"в‚¬100,00","в‚¬130,00",0,"в‚¬0,00"
PORTO 10,Barros,"в‚¬17,00","в‚¬22,10",0,"в‚¬0,00"
PORTO 10y,Graham'S,"в‚¬22,50","в‚¬29,25",0,"в‚¬0,00"
PORTO 10y,Quinta Do Tedo,"в‚¬26,00","в‚¬33,80",0,"в‚¬0,00"
PORTO 10y OLD,Churchill,"в‚¬16,00","в‚¬20,80",0,"в‚¬0,00"
PORTO 1957,Kopke,"в‚¬224,28","в‚¬291,56",0,"в‚¬0,00"
PORTO 1961,Graham'S,"в‚¬220,00","в‚¬286,00",0,"в‚¬0,00"
PORTO 1994,Graham'S,"в‚¬85,00","в‚¬110,50",0,"в‚¬0,00"
PORTO 2004,Presidential Vint.,"в‚¬33,21","в‚¬43,17",0,"в‚¬0,00"
PORTO 2009,Taylor,"в‚¬103,20","в‚¬134,16",0,"в‚¬0,00"
PORTO 20y,Cruz,"в‚¬23,00","в‚¬29,90",0,"в‚¬0,00"
PORTO 20y,Graham'S,"в‚¬36,00","в‚¬46,80",0,"в‚¬0,00"
PORTO 20y,Quinta Do Tedo,"в‚¬52,00","в‚¬67,60",0,"в‚¬0,00"
PORTO 20y,Ramos Pinto,"в‚¬37,00","в‚¬48,10",0,"в‚¬0,00"
PORTO 20y,Taylor,"в‚¬38,80","в‚¬50,44",0,"в‚¬0,00"
PORTO 30y,Graham'S,"в‚¬74,00","в‚¬96,20",1,"в‚¬74,00"
PORTO 40y,Kopke,"в‚¬106,00","в‚¬137,80",0,"в‚¬0,00"
PORTO 40y,Taylor,"в‚¬132,00","в‚¬171,60",0,"в‚¬0,00"
PORTO BIANCO,Noval,"в‚¬10,70","в‚¬13,91",0,"в‚¬0,00"
PORTO CAPELA,Quinta Do Vesuvio,"в‚¬170,00","в‚¬221,00",0,"в‚¬0,00"
PORTO D&C,Royal,"в‚¬7,50","в‚¬9,75",0,"в‚¬0,00"
"PORTO FINEST RESERVE ""THE TAWNY""",Graham'S,"в‚¬16,00","в‚¬20,80",0,"в‚¬0,00"
PORTO L.B.V,Cruz,"в‚¬9,75","в‚¬12,68",0,"в‚¬0,00"
PORTO LBV,Nieport,"в‚¬10,25","в‚¬13,33",0,"в‚¬0,00"
PORTO LBV,Quinta Do Tedo,"в‚¬16,00","в‚¬20,80",0,"в‚¬0,00"
PORTO LBV,Ramos Pinto,"в‚¬15,50","в‚¬20,15",30,"в‚¬465,00"
PORTO LBV,Taylor,"в‚¬12,00","в‚¬15,60",0,"в‚¬0,00"
PORTO LBV ',Graham'S,"в‚¬15,85","в‚¬20,61",0,"в‚¬0,00"
PORTO LBV 2005,Dow'S,"в‚¬13,90","в‚¬18,07",0,"в‚¬0,00"
PORTO RES.COLLECTOR ADRIANO,Ramos Pinto,"в‚¬14,50","в‚¬18,85",0,"в‚¬0,00"
PORTO RESERVE,Graham'S,"в‚¬8,00","в‚¬10,40",0,"в‚¬0,00"
PORTO RESERVE 8y,Quinta Do Tedo,"в‚¬8,50","в‚¬11,05",0,"в‚¬0,00"
PORTO RUBY,Ramos Pinto,"в‚¬11,10","в‚¬14,43",2,"в‚¬22,20"
PORTO RUBY,Taylor,"в‚¬6,50","в‚¬8,45",0,"в‚¬0,00"
PORTO SELECT,Taylor,"в‚¬8,80","в‚¬11,44",0,"в‚¬0,00"
PORTO TAWNI,Presidential,"в‚¬7,10","в‚¬9,23",0,"в‚¬0,00"
PORTO TAWNY,Nieport,"в‚¬7,00","в‚¬9,10",0,"в‚¬0,00"
PORTO TAWNY,Pescarmona,"в‚¬6,30","в‚¬8,19",0,"в‚¬0,00"
PORTO TAWNY,Quinta Do Tedo,"в‚¬10,00","в‚¬13,00",0,"в‚¬0,00"
PORTO TAWNY,Ramos Pinto,"в‚¬14,05","в‚¬18,27",0,"в‚¬0,00"
PORTO VINTAGE '94,Graham'S Reserve,"в‚¬64,00","в‚¬83,20",0,"в‚¬0,00"
PORTO VINTAGE 1983,Graham'S,"в‚¬90,00","в‚¬117,00",0,"в‚¬0,00"
PORTO VINTAGE 2000,Graham'S,"в‚¬90,00","в‚¬117,00",0,"в‚¬0,00"
PORTO VINTAGE 2003,Graham'S,"в‚¬80,00","в‚¬104,00",0,"в‚¬0,00"
PORTO VINTAGE 2007,Graham'S,"в‚¬53,00","в‚¬68,90",0,"в‚¬0,00"
PORTO VINTAGE 2007,Quinta Do Tedo,"в‚¬30,60","в‚¬39,78",0,"в‚¬0,00"
PORTO VINTAGE 2011,Graham'S,"в‚¬65,00","в‚¬84,50",0,"в‚¬0,00"
PORTO VINTAGE 2015,Quinta Do Tedo,"в‚¬37,00","в‚¬48,10",0,"в‚¬0,00"
PORTO VINTAGE 2017,Dow'S,"в‚¬62,00","в‚¬80,60",0,"в‚¬0,00"
PORTO VINTAGE VARGELLAS 2017,Taylor,"в‚¬68,00","в‚¬88,40",3,"в‚¬204,00"
PORTO WHITE,Churchill,"в‚¬11,50","в‚¬14,95",0,"в‚¬0,00"
PORTO WHITE,Dow'S,"в‚¬8,90","в‚¬11,57",0,"в‚¬0,00"
PORTO WHITE,Graham'S,"в‚¬11,80","в‚¬15,34",0,"в‚¬0,00"
PORTO WHITE,Nieport,"в‚¬7,80","в‚¬10,14",0,"в‚¬0,00"
PORTO WHITE,Pescarmona,"в‚¬6,30","в‚¬8,19",0,"в‚¬0,00"
PORTO WHITE,Presidential,"в‚¬7,10","в‚¬9,23",0,"в‚¬0,00"
PORTO WHITE,Ramos Pinto,"в‚¬10,70","в‚¬13,91",0,"в‚¬0,00"
POT STILL W 100%,Shizuoka,"в‚¬143,00","в‚¬185,90",0,"в‚¬0,00"
POUILLY FUISSE,Ferraud,"в‚¬17,00","в‚¬22,10",0,"в‚¬0,00"
POWERSCOUT 10y,Fercullen,"в‚¬29,00","в‚¬37,70",0,"в‚¬0,00"
PREMIUM 2022 LIM. ED.,Stolichnaya,"в‚¬8,00","в‚¬10,40",0,"в‚¬0,00"
PROSECCO,Venegazzu,"в‚¬9,00","в‚¬11,70",0,"в‚¬0,00"
PROSECCO LIGNUM,Bonollo,"в‚¬18,50","в‚¬24,05",0,"в‚¬0,00"
PRUGNA,Pojer,"в‚¬16,50","в‚¬21,45",0,"в‚¬0,00"
PRUGNE SELVATICHE,Capovilla,"в‚¬40,00","в‚¬52,00",0,"в‚¬0,00"
PURE MALT,Hatozaki,"в‚¬29,50","в‚¬38,35",0,"в‚¬0,00"
PURE MALT,Tenjaku,"в‚¬24,00","в‚¬31,20",0,"в‚¬0,00"
PURE MALT RED ASOLO,Nikka,"в‚¬32,50","в‚¬42,25",0,"в‚¬0,00"
RATAFIA,Colazingari,"в‚¬12,50","в‚¬16,25",0,"в‚¬0,00"
RATAFIA,Fabbri,"в‚¬18,00","в‚¬23,40",6,"в‚¬108,00"
RATAFIA CILIEGIA,Rapa,"в‚¬16,00","в‚¬20,80",0,"в‚¬0,00"
RATAFIA HERBALIST,Santo Spirito,"в‚¬9,02","в‚¬11,73",0,"в‚¬0,00"
RED 15y PINOT NERO CASK,Longrow,"в‚¬60,00","в‚¬78,00",0,"в‚¬0,00"
REINE,Chartreuse,"в‚¬67,00","в‚¬87,10",2,"в‚¬134,00"
REPOSADO,Clase Azul,"в‚¬198,00","в‚¬257,40",0,"в‚¬0,00"
RHUM,Albion,"в‚¬87,00","в‚¬113,10",0,"в‚¬0,00"
RHUM,Diamond 1996,"в‚¬73,00","в‚¬94,90",0,"в‚¬0,00"
RHUM,Diamond And Port Mou,"в‚¬89,00","в‚¬115,70",0,"в‚¬0,00"
RHUM,Enmore And Port Mou,"в‚¬76,00","в‚¬98,80",0,"в‚¬0,00"
RHUM,Flor De Cana Centena,"в‚¬52,00","в‚¬67,60",0,"в‚¬0,00"
RHUM,Mourant Port,"в‚¬68,00","в‚¬88,40",0,"в‚¬0,00"
RHUM,Morty Gold,"в‚¬16,50","в‚¬21,45",0,"в‚¬0,00"
RHUM,Pusser Brithis,"в‚¬16,80","в‚¬21,84",0,"в‚¬0,00"
RHUM,Pusser Brithis 15y,"в‚¬38,85","в‚¬50,51",0,"в‚¬0,00"
RHUM '92 20y,Caroni,"в‚¬54,00","в‚¬70,20",0,"в‚¬0,00"
RHUM '94 L.E,Caroni,"в‚¬143,00","в‚¬185,90",0,"в‚¬0,00"
RHUM 10y,Clement,"в‚¬46,90","в‚¬60,97",0,"в‚¬0,00"
RHUM 12y,Caroni,"в‚¬19,90","в‚¬25,87",0,"в‚¬0,00"
RHUM 12y,Flor De Cana,"в‚¬32,65","в‚¬42,45",0,"в‚¬0,00"
RHUM 15y,Caroni,"в‚¬55,00","в‚¬71,50",0,"в‚¬0,00"
RHUM 1974,Demerara,"в‚¬188,00","в‚¬244,40",0,"в‚¬0,00"
RHUM 1998 55 GRADI,Caroni,"в‚¬61,00","в‚¬79,30",0,"в‚¬0,00"
"RHUM 1998 64,50 GRADI",Caroni,"в‚¬66,00","в‚¬85,80",0,"в‚¬0,00"
RHUM 21y,Caroni,"в‚¬280,00","в‚¬364,00",1,"в‚¬280,00"
"RHUM 90 GRADI PROOF 51,40",Caroni,"в‚¬180,00","в‚¬234,00",3,"в‚¬540,00"
RHUM JAMAICA RHAPSODY,Samaroli,"в‚¬108,00","в‚¬140,40",0,"в‚¬0,00"
RHUM RHUM,Liberation,"в‚¬35,00","в‚¬45,50",0,"в‚¬0,00"
RHUM RHUM BLANC 56В°,Pmg,"в‚¬27,00","в‚¬35,10",0,"в‚¬0,00"
RHUM RISERVA,Brugal,"в‚¬30,00","в‚¬39,00",0,"в‚¬0,00"
RHUM ROSSI&ROSSI,Demerara,"в‚¬20,00","в‚¬26,00",0,"в‚¬0,00"
RHUM ROSSI&ROSSI,Demerara 23y,"в‚¬65,00","в‚¬84,50",0,"в‚¬0,00"
RHUM VIEUX 6y,Clement,"в‚¬34,50","в‚¬44,85",0,"в‚¬0,00"
RHUM VSOP,Clement,"в‚¬29,50","в‚¬38,35",0,"в‚¬0,00"
RHUM X.O,Clement,"в‚¬43,00","в‚¬55,90",0,"в‚¬0,00"
RICARD PASTIS,Ricard,"в‚¬8,50","в‚¬11,05",0,"в‚¬0,00"
RICHEMBOURG MAGN '05,Conti,"в‚¬740,00","в‚¬962,00",0,"в‚¬0,00"
RINALDI,Madeira Dolce/Dry,"в‚¬10,00","в‚¬13,00",0,"в‚¬0,00"
RIVER MENTANA GIN,Maschio Licio,"в‚¬27,00","в‚¬35,10",0,"в‚¬0,00"
ROCCANIVO,Berta,"в‚¬64,00","в‚¬83,20",0,"в‚¬0,00"
RON 10y,Eminente,"в‚¬43,00","в‚¬55,90",0,"в‚¬0,00"
RON 18y,Carupano,"в‚¬28,00","в‚¬36,40",0,"в‚¬0,00"
RON RESERVA,Eminente,"в‚¬27,50","в‚¬35,75",0,"в‚¬0,00"
ROSOLIO,Berta,"в‚¬11,00","в‚¬14,30",0,"в‚¬0,00"
ROSOLIO DI BERGAMOTTO,Italicus,"в‚¬18,00","в‚¬23,40",0,"в‚¬0,00"
ROSSO ANTICO,Rosso Antico Buton,"в‚¬14,70","в‚¬19,11",0,"в‚¬0,00"
ROYAL NAVY,Tigershark,"в‚¬75,00","в‚¬97,50",0,"в‚¬0,00"
RUCONCELLO,Petrone,"в‚¬9,00","в‚¬11,70",0,"в‚¬0,00"
RUM,Admiral Rodney,"в‚¬38,50","в‚¬50,05",0,"в‚¬0,00"
RUM,BarcelГІ,"в‚¬21,80","в‚¬28,34",0,"в‚¬0,00"
RUM,Bundaberg,"в‚¬29,50","в‚¬38,35",0,"в‚¬0,00"
RUM,Bumbu X.O,"в‚¬27,00","в‚¬35,10",0,"в‚¬0,00"
RUM,Carmavio 12y,"в‚¬21,00","в‚¬27,30",0,"в‚¬0,00"
RUM,Damoiseau X.O,"в‚¬34,00","в‚¬44,20",0,"в‚¬0,00"
RUM,Damoiseau 18y,"в‚¬93,00","в‚¬120,90",0,"в‚¬0,00"
RUM,Deadhead,"в‚¬29,30","в‚¬38,09",0,"в‚¬0,00"
RUM,Enmore 1995,"в‚¬74,00","в‚¬96,20",0,"в‚¬0,00"
RUM,Fiji 2014 Navy,"в‚¬30,00","в‚¬39,00",0,"в‚¬0,00"
RUM,Giamaica '98,"в‚¬14,00","в‚¬18,20",0,"в‚¬0,00"
RUM,Jamaica Wp,"в‚¬32,00","в‚¬41,60",0,"в‚¬0,00"
RUM,James Saint,"в‚¬11,00","в‚¬14,30",0,"в‚¬0,00"
RUM,James Saint 12y,"в‚¬57,00","в‚¬74,10",0,"в‚¬0,00"
RUM,Kirk & Sweeney Res.,"в‚¬28,00","в‚¬36,40",0,"в‚¬0,00"
RUM,Xm 10y,"в‚¬18,00","в‚¬23,40",0,"в‚¬0,00"
RUM,Mount Gilboa,"в‚¬22,00","в‚¬28,60",0,"в‚¬0,00"
RUM,Ocumare 12y,"в‚¬20,50","в‚¬26,65",0,"в‚¬0,00"
RUM,Papalin,"в‚¬26,50","в‚¬34,45",0,"в‚¬0,00"
RUM,Proibido,"в‚¬15,50","в‚¬20,15",0,"в‚¬0,00"
RUM,Rumbar,"в‚¬19,00","в‚¬24,70",0,"в‚¬0,00"
RUM,Rhum Rhum Liberation 58 Gradi,"в‚¬70,00","в‚¬91,00",0,"в‚¬0,00"
RUM,Rhum Rhum Liberation,"в‚¬55,50","в‚¬72,15",0,"в‚¬0,00"
RUM,Santa Teresa,"в‚¬31,50","в‚¬40,95",0,"в‚¬0,00"
RUM,Santa Teresa Selecto,"в‚¬27,00","в‚¬35,10",0,"в‚¬0,00"
RUM,Seven Tiki,"в‚¬11,00","в‚¬14,30",0,"в‚¬0,00"
RUM,Sibona,"в‚¬16,50","в‚¬21,45",12,"в‚¬198,00"
RUM,Tahiti Dark,"в‚¬14,30","в‚¬18,59",0,"в‚¬0,00"
RUM,Tiki,"в‚¬9,00","в‚¬11,70",0,"в‚¬0,00"
RUM,Uitvlugt 1997/2014,"в‚¬70,00","в‚¬91,00",0,"в‚¬0,00"
RUM,Varadero,"в‚¬15,60","в‚¬20,28",0,"в‚¬0,00"
RUM,Veritas,"в‚¬15,50","в‚¬20,15",0,"в‚¬0,00"
RUM,Worthi Park Gold,"в‚¬22,00","в‚¬28,60",0,"в‚¬0,00"
RUM,Trinidat '96,"в‚¬14,00","в‚¬18,20",0,"в‚¬0,00"
RUM,Barbados '00,"в‚¬20,00","в‚¬26,00",0,"в‚¬0,00"
RUM 10y,Don Papa,"в‚¬38,50","в‚¬50,05",0,"в‚¬0,00"
RUM 12 ANOS,Abuelo,"в‚¬23,00","в‚¬29,90",6,"в‚¬138,00"
RUM 12y,Arcane,"в‚¬29,50","в‚¬38,35",0,"в‚¬0,00"
RUM 12y,Dictator,"в‚¬21,00","в‚¬27,30",0,"в‚¬0,00"
RUM 12y,El Dorado,"в‚¬24,00","в‚¬31,20",0,"в‚¬0,00"
RUM 12y,Saint Jeams,"в‚¬49,00","в‚¬63,70",0,"в‚¬0,00"
RUM 15,Appleton,"в‚¬37,00","в‚¬48,10",0,"в‚¬0,00"
RUM 15y,Barbancourt,"в‚¬36,50","в‚¬47,45",0,"в‚¬0,00"
RUM 15y,Damoiseau,"в‚¬70,00","в‚¬91,00",0,"в‚¬0,00"
RUM 15y,El Dorado,"в‚¬33,00","в‚¬42,90",0,"в‚¬0,00"
RUM 15y,Mathusalem,"в‚¬20,00","в‚¬26,00",0,"в‚¬0,00"
RUM 1753,Hampden,"в‚¬27,00","в‚¬35,10",0,"в‚¬0,00"
RUM 17y,Caroni,"в‚¬225,00","в‚¬292,50",0,"в‚¬0,00"
RUM 1888 NEW PACKET,Brugal,"в‚¬23,00","в‚¬29,90",0,"в‚¬0,00"
RUM 18y,Caroni,"в‚¬49,00","в‚¬63,70",0,"в‚¬0,00"
RUM 18y,Maschio,"в‚¬30,50","в‚¬39,65",0,"в‚¬0,00"
RUM 1985,Old Barbados,"в‚¬305,00","в‚¬396,50",0,"в‚¬0,00"
RUM 1991,Blairmont,"в‚¬65,00","в‚¬84,50",0,"в‚¬0,00"
RUM 1993 PREMIERE,,"в‚¬122,00","в‚¬158,60",0,"в‚¬0,00"
RUM 1997,Don Diego Encantador,"в‚¬27,00","в‚¬35,10",0,"в‚¬0,00"
RUM 19y,Presidente Marti,"в‚¬24,70","в‚¬32,11",0,"в‚¬0,00"
RUM 2000,J.M,"в‚¬76,00","в‚¬98,80",0,"в‚¬0,00"
RUM 2003,Mg,"в‚¬24,50","в‚¬31,85",0,"в‚¬0,00"
RUM 2004,J.M,"в‚¬107,00","в‚¬139,10",0,"в‚¬0,00"
RUM 2005,J.M,"в‚¬108,00","в‚¬140,40",0,"в‚¬0,00"
RUM 2007,J.M,"в‚¬46,00","в‚¬59,80",0,"в‚¬0,00"
RUM 2008 15y,J.M,"в‚¬140,00","в‚¬182,00",0,"в‚¬0,00"
RUM 2009,J.M,"в‚¬47,00","в‚¬61,10",0,"в‚¬0,00"
RUM 2011,J.M,"в‚¬54,00","в‚¬70,20",0,"в‚¬0,00"
RUM 2013,J.M,"в‚¬67,00","в‚¬87,10",3,"в‚¬201,00"
RUM 20y,Dictator,"в‚¬35,00","в‚¬45,50",0,"в‚¬0,00"
RUM 21,Appleton,"в‚¬65,20","в‚¬84,76",0,"в‚¬0,00"
RUM 21y,El Dorado,"в‚¬71,00","в‚¬92,30",0,"в‚¬0,00"
RUM 23y,Mathusalem,"в‚¬39,50","в‚¬51,35",0,"в‚¬0,00"
RUM 5y,Plantation,"в‚¬18,70","в‚¬24,31",0,"в‚¬0,00"
RUM 60 GRADI,Hampden,"в‚¬36,00","в‚¬46,80",0,"в‚¬0,00"
RUM 7y,Abuelo,"в‚¬16,50","в‚¬21,45",0,"в‚¬0,00"
RUM 7y,Bacoo,"в‚¬25,50","в‚¬33,15",0,"в‚¬0,00"
RUM 7y,Bally,"в‚¬39,00","в‚¬50,70",0,"в‚¬0,00"
RUM 7y,Don Papa,"в‚¬29,00","в‚¬37,70",12,"в‚¬348,00"
RUM 8y,Barbancourt,"в‚¬19,50","в‚¬25,35",0,"в‚¬0,00"
RUM 8y,Botran,"в‚¬13,00","в‚¬16,90",0,"в‚¬0,00"
RUM AGED,Trois Rivieres,"в‚¬40,00","в‚¬52,00",0,"в‚¬0,00"
RUM AGRICOLE,Bally,"в‚¬15,00","в‚¬19,50",0,"в‚¬0,00"
RUM AL COCCO,Aluna,"в‚¬16,00","в‚¬20,80",0,"в‚¬0,00"
RUM ANEJO 5y,BarcelГІ,"в‚¬14,85","в‚¬19,31",0,"в‚¬0,00"
RUM ANNIVERSARIO,Diplomatico,"в‚¬26,00","в‚¬33,80",6,"в‚¬156,00"
RUM ANTIGUO,Cacique,"в‚¬42,79","в‚¬55,63",0,"в‚¬0,00"
RUM BARBADOS,Nation,"в‚¬22,00","в‚¬28,60",0,"в‚¬0,00"
RUM BARBADOS 2005,Plantation,"в‚¬29,00","в‚¬37,70",0,"в‚¬0,00"
RUM BARBADOS 5y,Plantation,"в‚¬16,00","в‚¬20,80",5,"в‚¬80,00"
RUM BAROKO,Don Papa,"в‚¬25,50","в‚¬33,15",6,"в‚¬153,00"
RUM BIANCO,Diplomatico,"в‚¬25,00","в‚¬32,50",0,"в‚¬0,00"
RUM BLANC,Rhum Rhum,"в‚¬37,00","в‚¬48,10",0,"в‚¬0,00"
RUM BLANC MACUBA,J.M,"в‚¬24,00","в‚¬31,20",0,"в‚¬0,00"
RUM BLENDED SAMBA,Samaroli,"в‚¬112,00","в‚¬145,60",0,"в‚¬0,00"
RUM CARONI,Nation,"в‚¬35,00","в‚¬45,50",0,"в‚¬0,00"
RUM CASIMIR,Clairin,"в‚¬26,60","в‚¬34,58",0,"в‚¬0,00"
RUM CASK BATCH,Caroni 2000,"в‚¬54,20","в‚¬70,46",0,"в‚¬0,00"
RUM CUBA 18,Vigia,"в‚¬49,00","в‚¬63,70",0,"в‚¬0,00"
RUM DEMERARA,Nation 23y,"в‚¬75,00","в‚¬97,50",0,"в‚¬0,00"
RUM DEMERARA GIOVANE,Nation,"в‚¬20,00","в‚¬26,00",0,"в‚¬0,00"
RUM DEMERARA SOLERA,Nation,"в‚¬26,00","в‚¬33,80",0,"в‚¬0,00"
"RUM EMPLOYEES KEVON ""SLIPPERY""",Caroni,"в‚¬1.000,00","в‚¬1.300,00",0,"в‚¬0,00"
RUM ENMORE,El Dorado,"в‚¬123,00","в‚¬159,90",0,"в‚¬0,00"
RUM ET.NEGRA,Zacapa,"в‚¬57,50","в‚¬74,75",0,"в‚¬0,00"
RUM ET.NEGRA,Zacapa,"в‚¬44,00","в‚¬57,20",0,"в‚¬0,00"
RUM EXTRAROMA,Arione 12,"в‚¬27,00","в‚¬35,10",0,"в‚¬0,00"
RUM FIJI LIMITED EDITION,Plantation,"в‚¬23,00","в‚¬29,90",0,"в‚¬0,00"
RUM FINISH TAWNY,Abuelo,"в‚¬0,00","в‚¬0,00",0,"в‚¬0,00"
RUM FOOL PROOF,Damoiseau,"в‚¬63,00","в‚¬81,90",0,"в‚¬0,00"
RUM GAYUMA,Don Papa,"в‚¬38,00","в‚¬49,40",0,"в‚¬0,00"
RUM GIOVANE 2009,Raimonenq,"в‚¬30,00","в‚¬39,00",0,"в‚¬0,00"
"RUM GRADAZIONE PIENA 69,00",Plantation,"в‚¬20,00","в‚¬26,00",0,"в‚¬0,00"
RUM GRADO NORMALE,Hampden,"в‚¬28,50","в‚¬37,05",0,"в‚¬0,00"
RUM GRAN RESERVA,Flor De Cana,"в‚¬14,00","в‚¬18,20",0,"в‚¬0,00"
RUM GUADALUPE,Trefois,"в‚¬43,50","в‚¬56,55",0,"в‚¬0,00"
RUM GUJANA,Plantation,"в‚¬28,50","в‚¬37,05",0,"в‚¬0,00"
RUM HAVANA CLUB + BICCHIERI,Havana Club,"в‚¬37,00","в‚¬48,10",0,"в‚¬0,00"
RUM HAVANA CLUB 3y,Havana Club,"в‚¬9,10","в‚¬11,83",0,"в‚¬0,00"
RUM HAVANA CLUB 7y,Havana Club,"в‚¬16,40","в‚¬21,32",0,"в‚¬0,00"
RUM HAVANA PACTO,Havana Club,"в‚¬20,00","в‚¬26,00",0,"в‚¬0,00"
RUM HORSE D'AGE 2008,J.M,"в‚¬140,00","в‚¬182,00",0,"в‚¬0,00"
RUM JAMAICA 23y,Nation 23y,"в‚¬78,00","в‚¬101,40",0,"в‚¬0,00"
RUM JAMAICA XO,Navy Island,"в‚¬22,50","в‚¬29,25",0,"в‚¬0,00"
RUM KRAKER,Kraker,"в‚¬14,00","в‚¬18,20",0,"в‚¬0,00"
RUM LE ROCHER,Clairin,"в‚¬26,60","в‚¬34,58",0,"в‚¬0,00"
RUM MANTUANO,Diplomatico,"в‚¬16,80","в‚¬21,84",0,"в‚¬0,00"
RUM MATURATO LE COMPTE,J.M,"в‚¬34,00","в‚¬44,20",0,"в‚¬0,00"
RUM MISTO MILL. 2002/07/09,J.M,"в‚¬38,00","в‚¬49,40",0,"в‚¬0,00"
RUM MONYMUSK 2012,Rest & Be Thankful,"в‚¬42,00","в‚¬54,60",0,"в‚¬0,00"
RUM NICARAGUA 15y,Fuente,"в‚¬32,00","в‚¬41,60",0,"в‚¬0,00"
RUM OLD 30y,Barcelo,"в‚¬75,00","в‚¬97,50",0,"в‚¬0,00"
RUM PANAMA,Nation 21y,"в‚¬50,00","в‚¬65,00",0,"в‚¬0,00"
RUM PERГ™,Plantation,"в‚¬24,00","в‚¬31,20",0,"в‚¬0,00"
RUM PERUANO 8y,Nation,"в‚¬23,50","в‚¬30,55",0,"в‚¬0,00"
RUM PINEAPPLE,Plantation,"в‚¬17,40","в‚¬22,62",0,"в‚¬0,00"
RUM PLANTATION,Depaz,"в‚¬30,00","в‚¬39,00",0,"в‚¬0,00"
RUM PORT MOURANT,El Dorado,"в‚¬132,50","в‚¬172,25",0,"в‚¬0,00"
RUM PORT MOURANT 2011,Nation,"в‚¬48,00","в‚¬62,40",0,"в‚¬0,00"
RUM POT STIL,Nation,"в‚¬14,50","в‚¬18,85",0,"в‚¬0,00"
RUM PREMIERE 1997,Caroni 1997,"в‚¬105,00","в‚¬136,50",0,"в‚¬0,00"
RUM RESERVE,Trinidat,"в‚¬11,00","в‚¬14,30",0,"в‚¬0,00"
RUM RESERVE VSOP,Trois Rivieres,"в‚¬27,00","в‚¬35,10",0,"в‚¬0,00"
RUM RIS ESPACIAL,Korukera,"в‚¬25,50","в‚¬33,15",0,"в‚¬0,00"
RUM RISERVA 2002,Diplomatico,"в‚¬61,00","в‚¬79,30",0,"в‚¬0,00"
RUM RISERVA EXCLUSIVA,Diplomatico,"в‚¬26,00","в‚¬33,80",0,"в‚¬0,00"
RUM ROSSI,Caroni,"в‚¬36,00","в‚¬46,80",0,"в‚¬0,00"
RUM ROSSI 10y,,"в‚¬23,00","в‚¬29,90",0,"в‚¬0,00"
RUM ROSSI&ROSSI,Jamaica 26y,"в‚¬87,00","в‚¬113,10",0,"в‚¬0,00"
RUM S.P.Q.R. BLENDED,Samaroli,"в‚¬70,00","в‚¬91,00",0,"в‚¬0,00"
RUM SAUJOUS,Clairin,"в‚¬28,50","в‚¬37,05",0,"в‚¬0,00"
RUM SHERRY CASK,Don Papa,"в‚¬47,50","в‚¬61,75",0,"в‚¬0,00"
RUM SINGLE 2007,Diplomatico,"в‚¬64,00","в‚¬83,20",0,"в‚¬0,00"
RUM SOLERA 15,Milionario,"в‚¬29,00","в‚¬37,70",0,"в‚¬0,00"
RUM SOLERA 1893,Botran,"в‚¬14,50","в‚¬18,85",0,"в‚¬0,00"
RUM SPEYSIDE,Santa Teresa,"в‚¬46,00","в‚¬59,80",0,"в‚¬0,00"
RUM TRINIDAD 2008,Plantation,"в‚¬24,50","в‚¬31,85",0,"в‚¬0,00"
RUM TWO OAKS 12y,Abuelo,"в‚¬39,00","в‚¬50,70",0,"в‚¬0,00"
RUM VENEZUELA,Moon Import,"в‚¬53,00","в‚¬68,90",0,"в‚¬0,00"
RUM VERSAILLES,El Dorado,"в‚¬110,00","в‚¬143,00",0,"в‚¬0,00"
RUM VIEUX,Neisson,"в‚¬40,00","в‚¬52,00",0,"в‚¬0,00"
RUM VIEUX 2003,Bielle,"в‚¬19,00","в‚¬24,70",0,"в‚¬0,00"
RUM VIEUX 2008,Raimonenq,"в‚¬37,00","в‚¬48,10",0,"в‚¬0,00"
RUM VILLA PARADISETTO,Chamarel 2013,"в‚¬55,00","в‚¬71,50",1,"в‚¬55,00"
RUM VILLA PARADISETTO,Monymusk 2007,"в‚¬78,00","в‚¬101,40",0,"в‚¬0,00"
RUM VILLA PARADISETTO,Privateer 2017,"в‚¬45,00","в‚¬58,50",1,"в‚¬45,00"
RUM VO,Damoiseau,"в‚¬21,00","в‚¬27,30",0,"в‚¬0,00"
RUM VO,La Mauny,"в‚¬25,35","в‚¬32,96",0,"в‚¬0,00"
RUM VSOP,Depaz,"в‚¬47,00","в‚¬61,10",0,"в‚¬0,00"
RUM VSOP,J.M,"в‚¬32,00","в‚¬41,60",6,"в‚¬192,00"
RUM WHITE,,"в‚¬13,10","в‚¬17,03",0,"в‚¬0,00"
RUM X.O,Zacapa,"в‚¬93,00","в‚¬120,90",0,"в‚¬0,00"
RUM XO,Damoiseau,"в‚¬27,00","в‚¬35,10",0,"в‚¬0,00"
RUM XO,J.M,"в‚¬42,50","в‚¬55,25",6,"в‚¬255,00"
RUM XO,La Mauny,"в‚¬36,00","в‚¬46,80",0,"в‚¬0,00"
RUM XV NAPOLEON,Abuelo,"в‚¬46,00","в‚¬59,80",0,"в‚¬0,00"
RUMVIEUX 2012,J.M,"в‚¬51,00","в‚¬66,30",0,"в‚¬0,00"
RUSSIAN CASK,Nine Leaves,"в‚¬85,00","в‚¬110,50",1,"в‚¬85,00"
RYE 10y,Whistle Pig,"в‚¬55,00","в‚¬71,50",0,"в‚¬0,00"
SAKE,Hakushika,"в‚¬14,00","в‚¬18,20",0,"в‚¬0,00"
SAKE,Kokoro,"в‚¬21,00","в‚¬27,30",0,"в‚¬0,00"
SAKГ€,Misen,"в‚¬19,50","в‚¬25,35",0,"в‚¬0,00"
SAKE JUNMAI,Shu,"в‚¬12,47","в‚¬16,21",0,"в‚¬0,00"
SAMBUCA,Colazingari,"в‚¬11,70","в‚¬15,21",6,"в‚¬70,20"
SAMBUCA DA LITRO,Molinari,"в‚¬11,21","в‚¬14,57",0,"в‚¬0,00"
SAMBUCA LIQUORE,St. Germain,"в‚¬24,00","в‚¬31,20",0,"в‚¬0,00"
SAMBUCO,Pojer,"в‚¬28,00","в‚¬36,40",0,"в‚¬0,00"
SARPA,Poli Jacopo,"в‚¬14,50","в‚¬18,85",6,"в‚¬87,00"
SARPA RIS ORO,Poli Jacopo,"в‚¬16,00","в‚¬20,80",6,"в‚¬96,00"
SASSICAIA,Poli Jacopo,"в‚¬46,00","в‚¬59,80",0,"в‚¬0,00"
SASSOLINO,Il Mallo,"в‚¬10,00","в‚¬13,00",0,"в‚¬0,00"
SAUTERNES,Sibona,"в‚¬16,50","в‚¬21,45",12,"в‚¬198,00"
SCAPA GLANSA,Scapa,"в‚¬30,00","в‚¬39,00",0,"в‚¬0,00"
SCAPA SKIREN,Scapa,"в‚¬27,50","в‚¬35,75",0,"в‚¬0,00"
SCOTCH 12y SR 2022,Lagavulin,"в‚¬92,00","в‚¬119,60",3,"в‚¬276,00"
SECRET ISLAY 2011/2021,Silver Seal,"в‚¬109,00","в‚¬141,70",0,"в‚¬0,00"
SECRET ORKNEY 2009,Signatory,"в‚¬44,00","в‚¬57,20",0,"в‚¬0,00"
SELECT,Select,"в‚¬10,00","в‚¬13,00",0,"в‚¬0,00"
SHERRI FINO,Real Tesoro,"в‚¬5,60","в‚¬7,28",0,"в‚¬0,00"
SHERRY,Sibona,"в‚¬16,50","в‚¬21,45",6,"в‚¬99,00"
SHERRY,Yushan,"в‚¬35,00","в‚¬45,50",0,"в‚¬0,00"
SHERRY CASK,Akashi,"в‚¬23,00","в‚¬29,90",0,"в‚¬0,00"
SHERRY CASK,West Cork,"в‚¬23,50","в‚¬30,55",0,"в‚¬0,00"
SHERRY WOOD,Hazelburn,"в‚¬63,00","в‚¬81,90",0,"в‚¬0,00"
SIBILLA AMARO,Varnelli,"в‚¬10,30","в‚¬13,39",0,"в‚¬0,00"
SIDRO,Sidro,"в‚¬6,70","в‚¬8,71",0,"в‚¬0,00"
SIDRO DEMI-SEC,Drouin,"в‚¬9,00","в‚¬11,70",0,"в‚¬0,00"
SINGLE CASK,Yamazakura,"в‚¬93,00","в‚¬120,90",0,"в‚¬0,00"
SINGLE MALT 12y,Tomatin,"в‚¬26,00","в‚¬33,80",0,"в‚¬0,00"
SINGLE MALT 5y,Akashi,"в‚¬77,50","в‚¬100,75",0,"в‚¬0,00"
SINGLE MALT GIAPPONE 15y,Yoichi,"в‚¬70,00","в‚¬91,00",0,"в‚¬0,00"
SKYE,Talisker,"в‚¬24,00","в‚¬31,20",0,"в‚¬0,00"
SLIWOVITZ,Domenis,"в‚¬17,50","в‚¬22,75",0,"в‚¬0,00"
SLOE GIN,Monkey 47,"в‚¬25,50","в‚¬33,15",0,"в‚¬0,00"
SMALL BATCH 2010,Long Pond,"в‚¬86,00","в‚¬111,80",2,"в‚¬172,00"
SMOKIVERSE,Ardbeg,"в‚¬68,00","в‚¬88,40",0,"в‚¬0,00"
SORBOLE BITTER,Distillering,"в‚¬12,95","в‚¬16,84",0,"в‚¬0,00"
SORI,Berta,"в‚¬13,70","в‚¬17,81",0,"в‚¬0,00"
SPEY SPEYSIDE 2012,Samaroli,"в‚¬87,00","в‚¬113,10",0,"в‚¬0,00"
STONE TERRACE VINTAGE 2017,Graham'S,"в‚¬171,00","в‚¬222,30",0,"в‚¬0,00"
STRAIGHT FROM THE BARREL,Blanton'S,"в‚¬165,00","в‚¬214,50",1,"в‚¬165,00"
STRAVECCHIA DI BAROLO,Montanaro,"в‚¬13,50","в‚¬17,55",0,"в‚¬0,00"
SUPER,Nikka,"в‚¬37,99","в‚¬49,39",0,"в‚¬0,00"
SUSINE MIRABELLE,Capovilla,"в‚¬46,00","в‚¬59,80",0,"в‚¬0,00"
TAILORED,Nikka,"в‚¬74,00","в‚¬96,20",0,"в‚¬0,00"
TAKETSURU 21y,Nikka,"в‚¬70,00","в‚¬91,00",0,"в‚¬0,00"
TAKETSURU NO AGE,Nikka,"в‚¬42,00","в‚¬54,60",0,"в‚¬0,00"
TAWNI,Cruz,"в‚¬5,40","в‚¬7,02",0,"в‚¬0,00"
TAWNY PORT,Barros,"в‚¬11,00","в‚¬14,30",12,"в‚¬132,00"
TEKETSURU 12y,Nikka,"в‚¬66,00","в‚¬85,80",0,"в‚¬0,00"
TENNESSE WHISKEY 2003/2021,Silver Seal,"в‚¬149,00","в‚¬193,70",0,"в‚¬0,00"
TEQUILA,3 Sombreros,"в‚¬0,00","в‚¬0,00",0,"в‚¬0,00"
TEQUILA,Casamigos,"в‚¬40,50","в‚¬52,65",0,"в‚¬0,00"
TEQUILA,Clase Azul,"в‚¬103,00","в‚¬133,90",0,"в‚¬0,00"
TEQUILA ANEJO,Casamigos,"в‚¬35,00","в‚¬45,50",0,"в‚¬0,00"
TEQUILA ANEJO,El Mayor,"в‚¬32,00","в‚¬41,60",0,"в‚¬0,00"
TEQUILA ANEJO,Herradura,"в‚¬31,00","в‚¬40,30",0,"в‚¬0,00"
TEQUILA ANEJO,La Cofraida,"в‚¬22,30","в‚¬28,99",0,"в‚¬0,00"
TEQUILA ANEJO,Padre Azul,"в‚¬67,50","в‚¬87,75",0,"в‚¬0,00"
TEQUILA ANEJO,Tre Sombreros,"в‚¬19,21","в‚¬24,97",0,"в‚¬0,00"
TEQUILA AUHMADO,Rooster Rojo,"в‚¬21,00","в‚¬27,30",0,"в‚¬0,00"
TEQUILA BLANCO,El Jimador,"в‚¬16,50","в‚¬21,45",0,"в‚¬0,00"
TEQUILA BLANCO,Exotico,"в‚¬16,60","в‚¬21,58",0,"в‚¬0,00"
TEQUILA CAVA,Augustin,"в‚¬22,00","в‚¬28,60",0,"в‚¬0,00"
TEQUILA CAVA REPOSADA,Augustin,"в‚¬19,00","в‚¬24,70",0,"в‚¬0,00"
TEQUILA EXTRA ANEJO,Herencia Mexicana,"в‚¬54,00","в‚¬70,20",0,"в‚¬0,00"
TEQUILA EXTRA ANEJO,Tequila Rossi&Rossi,"в‚¬54,00","в‚¬70,20",0,"в‚¬0,00"
TEQUILA PLATA,Riazul,"в‚¬41,00","в‚¬53,30",0,"в‚¬0,00"
TEQUILA REPOSADA,La Cofraida,"в‚¬24,60","в‚¬31,98",0,"в‚¬0,00"
TEQUILA REPOSADA,Orendain,"в‚¬34,30","в‚¬44,59",0,"в‚¬0,00"
TEQUILA REPOSADA,Tequila Rossi&Rossi,"в‚¬23,00","в‚¬29,90",0,"в‚¬0,00"
TEQUILA REPOSADO,Casamigos,"в‚¬31,00","в‚¬40,30",0,"в‚¬0,00"
TEQUILA REPOSADO,Clase Azul,"в‚¬198,00","в‚¬257,40",0,"в‚¬0,00"
TEQUILA REPOSADO,El Jimador,"в‚¬12,50","в‚¬16,25",0,"в‚¬0,00"
TEQUILA REPOSADO,El Mayor,"в‚¬31,00","в‚¬40,30",0,"в‚¬0,00"
TEQUILA REPOSADO,Herradura,"в‚¬21,00","в‚¬27,30",0,"в‚¬0,00"
TEQUILA REPOSADO,Rooster Rojo,"в‚¬20,00","в‚¬26,00",0,"в‚¬0,00"
TEQUILA REPOSADO,Sangre De Vida,"в‚¬39,50","в‚¬51,35",0,"в‚¬0,00"
TEQUILA XA LUMINOUS,Volcan,"в‚¬108,00","в‚¬140,40",0,"в‚¬0,00"
TEROLDEGO,Marzadro,"в‚¬12,00","в‚¬15,60",0,"в‚¬0,00"
"THE ARCADIAN GAIA 2,1",Waterford,"в‚¬52,00","в‚¬67,60",0,"в‚¬0,00"
THE LAST ONE ANNIVERSARIE,Neisson,"в‚¬500,00","в‚¬650,00",1,"в‚¬500,00"
TOJI EIGASHIMA SHUZO,Akashi,"в‚¬26,90","в‚¬34,97",0,"в‚¬0,00"
TONICO,Varnelli,"в‚¬9,90","в‚¬12,87",0,"в‚¬0,00"
TORCOLATO BARRIQUE LEGNO,Poli Jacopo,"в‚¬36,00","в‚¬46,80",0,"в‚¬0,00"
TORCOLATO SELEZ.,Poli Jacopo,"в‚¬27,50","в‚¬35,75",0,"в‚¬0,00"
TRAMINER BARRIQUE,Pisoni,"в‚¬19,00","в‚¬24,70",0,"в‚¬0,00"
TRANSATLANTIC,Beluga,"в‚¬28,50","в‚¬37,05",0,"в‚¬0,00"
TRE SOLI,Berta,"в‚¬64,00","в‚¬83,20",0,"в‚¬0,00"
TRINIDAD,Rum Explorer,"в‚¬25,00","в‚¬32,50",0,"в‚¬0,00"
TRIPLE SEC,Cartron,"в‚¬14,50","в‚¬18,85",0,"в‚¬0,00"
TRIPLE SEC,Monin,"в‚¬14,80","в‚¬19,24",0,"в‚¬0,00"
UVA UVA,Brunello,"в‚¬14,00","в‚¬18,20",0,"в‚¬0,00"
UVA VIVA,Poli Jacopo,"в‚¬15,70","в‚¬20,41",0,"в‚¬0,00"
VALDAVI MOSCATO,Berta,"в‚¬14,00","в‚¬18,20",0,"в‚¬0,00"
VEP GIALLA,Chartreuse,"в‚¬113,00","в‚¬146,90",0,"в‚¬0,00"
VEP VERTE,Chartreuse,"в‚¬123,00","в‚¬159,90",0,"в‚¬0,00"
VERDE,Assenzio Rinaldi,"в‚¬17,50","в‚¬22,75",0,"в‚¬0,00"
VERMHUT,Noilly,"в‚¬9,60","в‚¬12,48",0,"в‚¬0,00"
VERMOUTH,Fertuna,"в‚¬12,50","в‚¬16,25",0,"в‚¬0,00"
VERMOUTH,Montanaro,"в‚¬10,90","в‚¬14,17",0,"в‚¬0,00"
VERMOUTH,Professore,"в‚¬16,00","в‚¬20,80",0,"в‚¬0,00"
VERMOUTH,Vico,"в‚¬21,00","в‚¬27,30",0,"в‚¬0,00"
VERMOUTH AL MIRTO SARDEGNA,Macchia,"в‚¬13,70","в‚¬17,81",0,"в‚¬0,00"
VERMOUTH BIANCO,Lillet,"в‚¬12,20","в‚¬15,86",0,"в‚¬0,00"
VERMOUTH BIANCO,Oddero,"в‚¬17,80","в‚¬23,14",0,"в‚¬0,00"
VERMOUTH BIANCO/ROSSO,Beccaris,"в‚¬13,00","в‚¬16,90",0,"в‚¬0,00"
VERMOUTH BIANCO/ROSSO,Contratto,"в‚¬11,00","в‚¬14,30",0,"в‚¬0,00"
VERMOUTH CHINATO,Professore,"в‚¬14,70","в‚¬19,11",0,"в‚¬0,00"
VERMOUTH RISERVA BIANCO,Lillet,"в‚¬17,60","в‚¬22,88",0,"в‚¬0,00"
VERMOUTH ROSГ€,Lillet,"в‚¬9,00","в‚¬11,70",0,"в‚¬0,00"
VERMOUTH ROSSO,Anselmo,"в‚¬17,00","в‚¬22,10",0,"в‚¬0,00"
VERMOUTH ROSSO,Carta,"в‚¬19,00","в‚¬24,70",0,"в‚¬0,00"
VERMOUTH ROSSO,Desidera,"в‚¬13,80","в‚¬17,94",0,"в‚¬0,00"
VERMOUTH ROSSO,Lillet,"в‚¬11,50","в‚¬14,95",0,"в‚¬0,00"
VERMOUTH ROSSO,Oddero,"в‚¬17,80","в‚¬23,14",0,"в‚¬0,00"
VERMOUTH ROSSO,Professore,"в‚¬16,00","в‚¬20,80",0,"в‚¬0,00"
VERMUTH BIANCO E ROSSO,Carlo Alberto,"в‚¬14,50","в‚¬18,85",0,"в‚¬0,00"
VERMUTH DOPO TEATRO,Cocchi,"в‚¬15,50","в‚¬20,15",6,"в‚¬93,00"
VERMUTH VECCHIA TORINO STORICO,Cocchi,"в‚¬14,00","в‚¬18,20",12,"в‚¬168,00"
VERTE,Chartreuse,"в‚¬25,50","в‚¬33,15",6,"в‚¬153,00"
VESPAIOLO SELEZ.,Poli Jacopo,"в‚¬27,50","в‚¬35,75",0,"в‚¬0,00"
VINTAGE,Cruz,"в‚¬10,50","в‚¬13,65",0,"в‚¬0,00"
VINTAGE 1961,Taylor,"в‚¬132,00","в‚¬171,60",1,"в‚¬132,00"
VINTAGE 1994,Dow'S,"в‚¬0,00","в‚¬0,00",2,"в‚¬0,00"
VINTAGE 2003,Pescarmona,"в‚¬26,75","в‚¬34,78",0,"в‚¬0,00"
VINTAGE 2012,Barros,"в‚¬43,00","в‚¬55,90",6,"в‚¬258,00"
VINTAGE 2017,Noval,"в‚¬68,00","в‚¬88,40",2,"в‚¬136,00"
VINTAGE LUSSO SEI STELLE,Bonollo,"в‚¬66,00","в‚¬85,80",0,"в‚¬0,00"
VODKA,Abnormal,"в‚¬15,40","в‚¬20,02",0,"в‚¬0,00"
VODKA,Akdov,"в‚¬9,00","в‚¬11,70",0,"в‚¬0,00"
VODKA,Beluga,"в‚¬24,00","в‚¬31,20",6,"в‚¬144,00"
VODKA,Below 42,"в‚¬12,00","в‚¬15,60",0,"в‚¬0,00"
VODKA,Belvedere,"в‚¬28,00","в‚¬36,40",0,"в‚¬0,00"
VODKA,Cariel,"в‚¬19,00","в‚¬24,70",0,"в‚¬0,00"
VODKA,Ciroc,"в‚¬21,00","в‚¬27,30",0,"в‚¬0,00"
VODKA,Crystal Head,"в‚¬30,50","в‚¬39,65",0,"в‚¬0,00"
VODKA,Ghost,"в‚¬20,00","в‚¬26,00",0,"в‚¬0,00"
VODKA,Green Meadow,"в‚¬16,00","в‚¬20,80",0,"в‚¬0,00"
VODKA,Grey Goose,"в‚¬26,50","в‚¬34,45",0,"в‚¬0,00"
VODKA,Imperial Golden Snow,"в‚¬20,00","в‚¬26,00",0,"в‚¬0,00"
VODKA,Kauffman,"в‚¬24,00","в‚¬31,20",0,"в‚¬0,00"
VODKA,Xellent,"в‚¬29,00","в‚¬37,70",0,"в‚¬0,00"
VODKA,Luv70,"в‚¬42,50","в‚¬55,25",0,"в‚¬0,00"
VODKA,Mamont,"в‚¬0,00","в‚¬0,00",0,"в‚¬0,00"
VODKA,Maschio Licio,"в‚¬14,00","в‚¬18,20",0,"в‚¬0,00"
VODKA,Mikolash,"в‚¬13,00","в‚¬16,90",0,"в‚¬0,00"
VODKA,Moskovskaia,"в‚¬8,92","в‚¬11,60",0,"в‚¬0,00"
VODKA,Roberto Cavalli,"в‚¬29,00","в‚¬37,70",0,"в‚¬0,00"
VODKA,Tenjaku,"в‚¬13,25","в‚¬17,23",0,"в‚¬0,00"
VODKA,Three Sixty,"в‚¬12,00","в‚¬15,60",0,"в‚¬0,00"
VODKA,Tito'S,"в‚¬16,00","в‚¬20,80",0,"в‚¬0,00"
VODKA,Tovaritch,"в‚¬11,00","в‚¬14,30",6,"в‚¬66,00"
VODKA,Vertical Chartreause,"в‚¬10,50","в‚¬13,65",0,"в‚¬0,00"
VODKA,Zubrowka,"в‚¬8,80","в‚¬11,44",0,"в‚¬0,00"
VODKA 10,Belvedere,"в‚¬105,00","в‚¬136,50",3,"в‚¬315,00"
VODKA 100 NERO,Absolut,"в‚¬17,70","в‚¬23,01",0,"в‚¬0,00"
VODKA ASS.,Absolut,"в‚¬10,66","в‚¬13,86",0,"в‚¬0,00"
VODKA BEELUGA,Beluga,"в‚¬26,00","в‚¬33,80",0,"в‚¬0,00"
VODKA BELUGA MAGNUM,Beluga,"в‚¬60,00","в‚¬78,00",3,"в‚¬180,00"
VODKA BLACK,Smirnoff,"в‚¬11,70","в‚¬15,21",0,"в‚¬0,00"
VODKA BLГ™,Absolut,"в‚¬11,40","в‚¬14,82",0,"в‚¬0,00"
VODKA COFFEY,Nikka,"в‚¬30,00","в‚¬39,00",0,"в‚¬0,00"
VODKA ELIT,Stolichnaya,"в‚¬28,00","в‚¬36,40",0,"в‚¬0,00"
VODKA ELYX,Absolut,"в‚¬31,00","в‚¬40,30",0,"в‚¬0,00"
VODKA GOLD,Belenkaya,"в‚¬11,50","в‚¬14,95",0,"в‚¬0,00"
VODKA GOLD,Stolichnaya,"в‚¬10,80","в‚¬14,04",0,"в‚¬0,00"
VODKA GRASS 1 LT,Zubrowka,"в‚¬0,00","в‚¬0,00",0,"в‚¬0,00"
VODKA INVECCHIATA,Akdov,"в‚¬14,90","в‚¬19,37",0,"в‚¬0,00"
VODKA MAGNUM,Belvedere,"в‚¬68,00","в‚¬88,40",0,"в‚¬0,00"
VODKA MAGNUM,Grey Goose,"в‚¬65,00","в‚¬84,50",0,"в‚¬0,00"
VODKA NERA,Belvedere,"в‚¬29,50","в‚¬38,35",0,"в‚¬0,00"
VODKA PREMIUN100 PROOF,Stolichnaya,"в‚¬9,00","в‚¬11,70",0,"в‚¬0,00"
VODKA RED,Smirnoff,"в‚¬6,70","в‚¬8,71",0,"в‚¬0,00"
VODKA V.X,Grey Goose,"в‚¬63,00","в‚¬81,90",0,"в‚¬0,00"
VODKA/CITRONEN,Grey Goose,"в‚¬26,50","в‚¬34,45",0,"в‚¬0,00"
WASHINGTON AMARO ARANCIA,Jefferson,"в‚¬18,50","в‚¬24,05",6,"в‚¬111,00"
WHISKEY,Ballantain,"в‚¬13,30","в‚¬17,29",0,"в‚¬0,00"
WHISKEY,Balvenie 14y,"в‚¬43,50","в‚¬56,55",0,"в‚¬0,00"
WHISKEY,Balvenie 21y,"в‚¬65,00","в‚¬84,50",0,"в‚¬0,00"
WHISKEY,Benromach 10y,"в‚¬33,50","в‚¬43,55",0,"в‚¬0,00"
WHISKEY,Blanton'S Bourbon 98,"в‚¬41,40","в‚¬53,82",0,"в‚¬0,00"
WHISKEY,Bowmore 12,"в‚¬28,50","в‚¬37,05",0,"в‚¬0,00"
WHISKEY,Bushmills,"в‚¬12,00","в‚¬15,60",0,"в‚¬0,00"
WHISKEY,Caol Ila 25y,"в‚¬98,00","в‚¬127,40",0,"в‚¬0,00"
WHISKEY,Caol Ila 8y,"в‚¬38,64","в‚¬50,23",0,"в‚¬0,00"
WHISKEY,Caol Ila '95,"в‚¬43,85","в‚¬57,01",0,"в‚¬0,00"
WHISKEY,Caol Ila1984 Gr.Piena,"в‚¬98,00","в‚¬127,40",0,"в‚¬0,00"
WHISKEY,Caol Ila Moch,"в‚¬32,00","в‚¬41,60",0,"в‚¬0,00"
WHISKEY,Cardhu 12y,"в‚¬23,00","в‚¬29,90",0,"в‚¬0,00"
WHISKEY,Chivas 18y,"в‚¬34,00","в‚¬44,20",0,"в‚¬0,00"
WHISKEY,Clynelish 16y,"в‚¬37,40","в‚¬48,62",0,"в‚¬0,00"
WHISKEY,Dalmore 12y,"в‚¬28,00","в‚¬36,40",0,"в‚¬0,00"
WHISKEY,Dalawhinnie Dm,"в‚¬55,00","в‚¬71,50",0,"в‚¬0,00"
WHISKEY,Dalmore 12y,"в‚¬35,00","в‚¬45,50",0,"в‚¬0,00"
WHISKEY,Dimple,"в‚¬21,00","в‚¬27,30",0,"в‚¬0,00"
WHISKEY,Famous Grouse,"в‚¬14,50","в‚¬18,85",0,"в‚¬0,00"
WHISKEY,Fusion 12y,"в‚¬37,70","в‚¬49,01",0,"в‚¬0,00"
WHISKEY,Glenlivet Archive,"в‚¬41,00","в‚¬53,30",0,"в‚¬0,00"
WHISKEY,Glen Grant 25y,"в‚¬80,00","в‚¬104,00",0,"в‚¬0,00"
WHISKEY,Glen Grant 31y,"в‚¬59,20","в‚¬76,96",0,"в‚¬0,00"
WHISKEY,Glen Fiddich,"в‚¬29,50","в‚¬38,35",0,"в‚¬0,00"
WHISKEY,Glendronach 12y,"в‚¬18,10","в‚¬23,53",0,"в‚¬0,00"
WHISKEY,Glengoyne 10y,"в‚¬26,00","в‚¬33,80",0,"в‚¬0,00"
WHISKEY,Glengoyne 21y,"в‚¬47,30","в‚¬61,49",0,"в‚¬0,00"
WHISKEY,Glenmorangie15y,"в‚¬32,35","в‚¬42,06",0,"в‚¬0,00"
WHISKEY,Glenrothes '89,"в‚¬44,60","в‚¬57,98",0,"в‚¬0,00"
WHISKEY,Glenrothes '92,"в‚¬39,00","в‚¬50,70",0,"в‚¬0,00"
WHISKEY,Glenrothes'84,"в‚¬57,00","в‚¬74,10",0,"в‚¬0,00"
WHISKEY,Glenrothes Reserve,"в‚¬29,50","в‚¬38,35",0,"в‚¬0,00"
WHISKEY,Glen Ord,"в‚¬91,00","в‚¬118,30",0,"в‚¬0,00"
WHISKEY,Cragganmore 12y,"в‚¬0,00","в‚¬0,00",0,"в‚¬0,00"
WHISKEY,Grant'S,"в‚¬10,00","в‚¬13,00",0,"в‚¬0,00"
WHISKEY,Highland Park '30,"в‚¬77,20","в‚¬100,36",0,"в‚¬0,00"
WHISKEY,Highland Park 1976,"в‚¬53,00","в‚¬68,90",0,"в‚¬0,00"
WHISKEY,Highland Park 23y,"в‚¬78,00","в‚¬101,40",0,"в‚¬0,00"
WHISKEY,Highland Park 24y,"в‚¬76,00","в‚¬98,80",0,"в‚¬0,00"
WHISKEY,Highland Park 15y,"в‚¬26,00","в‚¬33,80",0,"в‚¬0,00"
WHISKEY,Highland Park18y,"в‚¬41,00","в‚¬53,30",0,"в‚¬0,00"
WHISKEY,Islay Mist 12y,"в‚¬21,00","в‚¬27,30",0,"в‚¬0,00"
WHISKEY,Islay Mist 17y,"в‚¬30,00","в‚¬39,00",0,"в‚¬0,00"
WHISKEY,Islay Manzanilla,"в‚¬40,00","в‚¬52,00",0,"в‚¬0,00"
WHISKEY,Jim Beam,"в‚¬23,00","в‚¬29,90",0,"в‚¬0,00"
WHISKEY,Jameson Black Barrel,"в‚¬22,00","в‚¬28,60",0,"в‚¬0,00"
WHISKEY,Knob Creek,"в‚¬24,00","в‚¬31,20",0,"в‚¬0,00"
WHISKEY,Lagavulin 12y,"в‚¬59,00","в‚¬76,70",0,"в‚¬0,00"
WHISKEY,Linkwood 12y,"в‚¬23,40","в‚¬30,42",0,"в‚¬0,00"
WHISKEY,Longmorn,"в‚¬37,50","в‚¬48,75",0,"в‚¬0,00"
WHISKEY,Macallan 15y,"в‚¬38,00","в‚¬49,40",0,"в‚¬0,00"
WHISKEY,Macallan 25y Fin Oak,"в‚¬135,00","в‚¬175,50",0,"в‚¬0,00"
WHISKEY,Macallan Amber,"в‚¬33,00","в‚¬42,90",0,"в‚¬0,00"
WHISKEY,Macallan Sienna,"в‚¬52,00","в‚¬67,60",0,"в‚¬0,00"
WHISKEY,Milton Duff 22y,"в‚¬132,00","в‚¬171,60",0,"в‚¬0,00"
WHISKEY,Mortlach1990,"в‚¬380,00","в‚¬494,00",0,"в‚¬0,00"
WHISKEY,Port Ellen 29y,"в‚¬187,14","в‚¬243,28",0,"в‚¬0,00"
WHISKEY,Port Ellen 18y,"в‚¬56,80","в‚¬73,84",0,"в‚¬0,00"
WHISKEY,Port Ellen 21y,"в‚¬74,60","в‚¬96,98",0,"в‚¬0,00"
WHISKEY,Port Ellen 25y,"в‚¬85,00","в‚¬110,50",0,"в‚¬0,00"
WHISKEY,Rosebank,"в‚¬198,98","в‚¬258,67",0,"в‚¬0,00"
WHISKEY,Sherry Wood,"в‚¬67,00","в‚¬87,10",0,"в‚¬0,00"
WHISKEY,Sibona,"в‚¬16,50","в‚¬21,45",6,"в‚¬99,00"
WHISKEY,Smokehead,"в‚¬28,70","в‚¬37,31",0,"в‚¬0,00"
WHISKEY,Spey Bridge,"в‚¬31,50","в‚¬40,95",0,"в‚¬0,00"
WHISKEY,Talisker Dm,"в‚¬35,00","в‚¬45,50",0,"в‚¬0,00"
WHISKEY,Talisker Port Ruighe,"в‚¬25,00","в‚¬32,50",0,"в‚¬0,00"
WHISKEY,Talisker 18y,"в‚¬66,00","в‚¬85,80",0,"в‚¬0,00"
WHISKEY,Talisker Storm,"в‚¬26,00","в‚¬33,80",0,"в‚¬0,00"
WHISKEY,Talisker 15y,"в‚¬75,00","в‚¬97,50",0,"в‚¬0,00"
WHISKEY,Talisker 25y,"в‚¬122,22","в‚¬158,89",0,"в‚¬0,00"
WHISKEY,Talisker '89,"в‚¬54,10","в‚¬70,33",0,"в‚¬0,00"
WHISKEY,Tamdhu 10y,"в‚¬32,00","в‚¬41,60",0,"в‚¬0,00"
WHISKEY,Tormore 12y,"в‚¬18,10","в‚¬23,53",0,"в‚¬0,00"
WHISKEY,Tullamore Dew 12y,"в‚¬22,50","в‚¬29,25",0,"в‚¬0,00"
WHISKEY,Tullamore Dew 14y,"в‚¬28,00","в‚¬36,40",0,"в‚¬0,00"
WHISKEY,Walker Blu Label,"в‚¬153,00","в‚¬198,90",1,"в‚¬153,00"
WHISKEY,Walker Green Label,"в‚¬30,00","в‚¬39,00",0,"в‚¬0,00"
WHISKEY,Walker Gold Reserve,"в‚¬30,00","в‚¬39,00",0,"в‚¬0,00"
WHISKEY,Walker Platinum,"в‚¬47,00","в‚¬61,10",0,"в‚¬0,00"
WHISKEY,Yellow Rose,"в‚¬26,00","в‚¬33,80",0,"в‚¬0,00"
WHISKEY 10y,Bulleit,"в‚¬25,00","в‚¬32,50",0,"в‚¬0,00"
WHISKEY 10y,Bushmills,"в‚¬23,50","в‚¬30,55",6,"в‚¬141,00"
WHISKEY 10y,Talisker,"в‚¬28,00","в‚¬36,40",0,"в‚¬0,00"
WHISKEY 10y ORIGINAL CASK,Laphroaig,"в‚¬26,50","в‚¬34,45",6,"в‚¬159,00"
WHISKEY 10y SR 2022,Oban,"в‚¬75,00","в‚¬97,50",0,"в‚¬0,00"
WHISKEY 10y/12y,Glenmorangie,"в‚¬28,00","в‚¬36,40",12,"в‚¬336,00"
WHISKEY 11y SR 2022,Talisker,"в‚¬74,00","в‚¬96,20",0,"в‚¬0,00"
WHISKEY 12y,Brackla,"в‚¬32,50","в‚¬42,25",0,"в‚¬0,00"
WHISKEY 12y,Bunnahabhain,"в‚¬30,00","в‚¬39,00",0,"в‚¬0,00"
WHISKEY 12y,Caol Ila,"в‚¬35,00","в‚¬45,50",0,"в‚¬0,00"
WHISKEY 12y,Glenlivet,"в‚¬23,00","в‚¬29,90",0,"в‚¬0,00"
WHISKEY 12y BATCH #28,Springbank,"в‚¬55,00","в‚¬71,50",1,"в‚¬55,00"
WHISKEY 14y,Oban,"в‚¬45,00","в‚¬58,50",6,"в‚¬270,00"
WHISKEY 15y,Bruichladdich 15y,"в‚¬37,00","в‚¬48,10",0,"в‚¬0,00"
WHISKEY 15y,Caol Ila,"в‚¬67,00","в‚¬87,10",0,"в‚¬0,00"
WHISKEY 15y,Laphroaig,"в‚¬69,00","в‚¬89,70",0,"в‚¬0,00"
WHISKEY 15y,Springbank,"в‚¬70,00","в‚¬91,00",2,"в‚¬140,00"
WHISKEY 18y,Glenlivet,"в‚¬40,00","в‚¬52,00",0,"в‚¬0,00"
WHISKEY 1994 2 EDIZIONE,Bruichladdich,"в‚¬30,00","в‚¬39,00",0,"в‚¬0,00"
WHISKEY 21y,Oban,"в‚¬145,00","в‚¬188,50",0,"в‚¬0,00"
WHISKEY 21y,Springbank,"в‚¬242,00","в‚¬314,60",0,"в‚¬0,00"
WHISKEY 25y,Bowmore 25y,"в‚¬190,00","в‚¬247,00",0,"в‚¬0,00"
WHISKEY 25y,Brora 38y,"в‚¬1.300,00","в‚¬1.690,00",0,"в‚¬0,00"
WHISKEY 28y,Port Ellen,"в‚¬187,06","в‚¬243,18",0,"в‚¬0,00"
WHISKEY 29y,Pittyvaich,"в‚¬244,00","в‚¬317,20",0,"в‚¬0,00"
WHISKEY 7y,Ileach,"в‚¬21,00","в‚¬27,30",0,"в‚¬0,00"
WHISKEY 9y SINGLE BARREL,Bunnahabhain,"в‚¬41,00","в‚¬53,30",0,"в‚¬0,00"
WHISKEY BLACK LABEL,Walker,"в‚¬17,00","в‚¬22,10",0,"в‚¬0,00"
WHISKEY BLU CAPODANNO CINESE,Walker,"в‚¬190,00","в‚¬247,00",0,"в‚¬0,00"
WHISKEY BLU UMAMI SPECIAL ED.,Walker,"в‚¬255,00","в‚¬331,50",0,"в‚¬0,00"
WHISKEY BOURBON,Bulleit,"в‚¬13,00","в‚¬16,90",0,"в‚¬0,00"
WHISKEY BOURBON,Rebel Yell,"в‚¬19,50","в‚¬25,35",0,"в‚¬0,00"
WHISKEY CASK STRENGTH 10,Glendronach,"в‚¬61,00","в‚¬79,30",0,"в‚¬0,00"
WHISKEY CASK STRENGTH 9,Glendronach,"в‚¬62,00","в‚¬80,60",0,"в‚¬0,00"
WHISKEY DEW,Tullamore,"в‚¬13,00","в‚¬16,90",6,"в‚¬78,00"
WHISKEY DIAGEO,Auchroisk 30y,"в‚¬115,00","в‚¬149,50",0,"в‚¬0,00"
WHISKEY DIAGEO,Benrinnes 23y,"в‚¬118,00","в‚¬153,40",0,"в‚¬0,00"
WHISKEY DIAGEO,Caol Ila 30y,"в‚¬380,00","в‚¬494,00",0,"в‚¬0,00"
WHISKEY DIAGEO,Caol Ila 40y,"в‚¬830,00","в‚¬1.079,00",0,"в‚¬0,00"
WHISKEY DIAGEO,Clynelish 14y,"в‚¬30,95","в‚¬40,24",0,"в‚¬0,00"
WHISKEY DIAGEO,Glen Spey 21y,"в‚¬105,00","в‚¬136,50",0,"в‚¬0,00"
WHISKEY DIAGEO,Mannochmore 18y,"в‚¬78,00","в‚¬101,40",0,"в‚¬0,00"
WHISKEY DIAGEO,Port Dundas 20y,"в‚¬90,00","в‚¬117,00",0,"в‚¬0,00"
WHISKEY DIAGEO FL,Caol Ila Fl,"в‚¬48,00","в‚¬62,40",0,"в‚¬0,00"
WHISKEY DIAGEO LIMIT EDI 11,Caol Ila,"в‚¬500,00","в‚¬650,00",0,"в‚¬0,00"
WHISKEY DIAGEO LIMITE,Dalwhinnie 25y,"в‚¬230,00","в‚¬299,00",0,"в‚¬0,00"
WHISKEY DIAGEO LIMITED EDITION 40y,Cally The,"в‚¬800,00","в‚¬1.040,00",0,"в‚¬0,00"
WHISKEY DIAGEO MOSCATO,Caol Ila Cs Diageo '09,"в‚¬41,50","в‚¬53,95",0,"в‚¬0,00"
WHISKEY DM,Oban,"в‚¬46,00","в‚¬59,80",0,"в‚¬0,00"
WHISKEY DOPPIA MATURAZIONE,Glenkinchie,"в‚¬47,00","в‚¬61,10",0,"в‚¬0,00"
WHISKEY DOPPIA MATURAZIONE,Lagavulin '95,"в‚¬63,00","в‚¬81,90",0,"в‚¬0,00"
WHISKEY DOPPIA MATURAZIONE 2000,Caol Ila,"в‚¬46,34","в‚¬60,24",0,"в‚¬0,00"
WHISKEY FILTERED VELIER2002,Bowmore,"в‚¬64,00","в‚¬83,20",0,"в‚¬0,00"
WHISKEY GEORGE,Glenlivet 15y,"в‚¬46,50","в‚¬60,45",0,"в‚¬0,00"
WHISKEY GIAPPONE,Hibikih,"в‚¬47,00","в‚¬61,10",0,"в‚¬0,00"
WHISKEY GIAPPONESE,Toki,"в‚¬25,00","в‚¬32,50",0,"в‚¬0,00"
WHISKEY GREAT SHERRY,Glenlivet 1972,"в‚¬39,60","в‚¬51,48",0,"в‚¬0,00"
WHISKEY IRISH,Busker,"в‚¬17,00","в‚¬22,10",0,"в‚¬0,00"
WHISKEY IRLANDESE,Obrishs,"в‚¬19,00","в‚¬24,70",0,"в‚¬0,00"
WHISKEY L.E BOTTI MOSCATO,Caol Ila Distiller'S Ed.,"в‚¬44,00","в‚¬57,20",0,"в‚¬0,00"
WHISKEY LA SANTA,Glenmorangie,"в‚¬40,00","в‚¬52,00",0,"в‚¬0,00"
WHISKEY LAGAVULIN 17 D.M,Lagavulin,"в‚¬61,55","в‚¬80,02",0,"в‚¬0,00"
WHISKEY LIMITED EDIT. DIAGEO,Lagavulin,"в‚¬700,00","в‚¬910,00",0,"в‚¬0,00"
WHISKEY MEREGALLI,Jura '97,"в‚¬45,00","в‚¬58,50",0,"в‚¬0,00"
WHISKEY MEREGALLI,Mortlach 15y,"в‚¬63,00","в‚¬81,90",0,"в‚¬0,00"
WHISKEY MEREGALLI,Rosebank 1990,"в‚¬420,00","в‚¬546,00",0,"в‚¬0,00"
WHISKEY MEREGALLI '97,Royal Brackla,"в‚¬40,00","в‚¬52,00",0,"в‚¬0,00"
WHISKEY MEREGALLI '99,Caol Ila,"в‚¬50,00","в‚¬65,00",0,"в‚¬0,00"
WHISKEY MEREGALLI2004,Caol Ila,"в‚¬34,00","в‚¬44,20",0,"в‚¬0,00"
WHISKEY OLD RES. CASK MEREGALLI,Finlaggan,"в‚¬33,00","в‚¬42,90",0,"в‚¬0,00"
WHISKEY OLD RESERVE,Finlaggan,"в‚¬23,00","в‚¬29,90",0,"в‚¬0,00"
WHISKEY ONE ST,Jura 12y,"в‚¬33,00","в‚¬42,90",0,"в‚¬0,00"
WHISKEY PERNOD,Strathisla Restage,"в‚¬22,00","в‚¬28,60",0,"в‚¬0,00"
WHISKEY PREMIER,Mortlach,"в‚¬178,00","в‚¬231,40",0,"в‚¬0,00"
WHISKEY RARE DIAGEO,Convalmore,"в‚¬365,00","в‚¬474,50",0,"в‚¬0,00"
WHISKEY ROSSI&ROSSI,Bowmore '01 Sherry,"в‚¬27,00","в‚¬35,10",0,"в‚¬0,00"
WHISKEY ROSSI&ROSSI,Bowmore 15y,"в‚¬35,00","в‚¬45,50",0,"в‚¬0,00"
WHISKEY ROSSI&ROSSI,Caol Ila '00 Limit.Ed.,"в‚¬25,00","в‚¬32,50",0,"в‚¬0,00"
WHISKEY ROSSI&ROSSI,Clynelish 1997-13,"в‚¬28,00","в‚¬36,40",0,"в‚¬0,00"
WHISKEY RUM CASK,Tullamore,"в‚¬18,00","в‚¬23,40",0,"в‚¬0,00"
WHISKEY RYE,Knob Creek,"в‚¬28,50","в‚¬37,05",0,"в‚¬0,00"
WHISKEY RYE BOURBON,Bulleit,"в‚¬19,00","в‚¬24,70",0,"в‚¬0,00"
WHISKEY SARZI,Caol Ila 25y,"в‚¬101,50","в‚¬131,95",0,"в‚¬0,00"
WHISKEY SARZI,Port Ellen 27y,"в‚¬190,00","в‚¬247,00",0,"в‚¬0,00"
WHISKEY SAUTERNES NECTAR,Glenmorangie,"в‚¬62,00","в‚¬80,60",3,"в‚¬186,00"
WHISKEY SIGNATORI VELIER,Mortlach,"в‚¬44,00","в‚¬57,20",0,"в‚¬0,00"
WHISKEY SIGNATORY,Caol Ila '99,"в‚¬31,00","в‚¬40,30",0,"в‚¬0,00"
WHISKEY SILVER SEAL,Glenury,"в‚¬129,00","в‚¬167,70",0,"в‚¬0,00"
WHISKEY SINGLE BARREL,Balvenie 12y,"в‚¬52,00","в‚¬67,60",0,"в‚¬0,00"
WHISKEY SPECIAL REL.2021,Oban,"в‚¬75,00","в‚¬97,50",0,"в‚¬0,00"
WHISKEY SR 2022,Clynelish,"в‚¬120,00","в‚¬156,00",0,"в‚¬0,00"
WHISKEY SR OP ROSSI,Port Ellen 30y,"в‚¬205,00","в‚¬266,50",0,"в‚¬0,00"
WHISKEY STIГ™IREADAIR,Bunnahabhain,"в‚¬35,00","в‚¬45,50",0,"в‚¬0,00"
WHISKEY TOITEACH TORBATO NAS,Bunnahabhain,"в‚¬39,00","в‚¬50,70",0,"в‚¬0,00"
WHISKEY VELIER SIGNATORY 2008,Clynelish,"в‚¬36,00","в‚¬46,80",0,"в‚¬0,00"
WHISKEY VINO&DESIGNER,Bowmore 2002,"в‚¬34,50","в‚¬44,85",0,"в‚¬0,00"
WHISKEY VINO&DESIGNER,Port Ellen 1982,"в‚¬195,50","в‚¬254,15",0,"в‚¬0,00"
WHISKEY VINO&DESIGNER,Port Ellen 1983,"в‚¬187,50","в‚¬243,75",0,"в‚¬0,00"
WHISKEY WILSON &MORGAN,Caol Ila '90,"в‚¬32,00","в‚¬41,60",0,"в‚¬0,00"
WHISKEY WILSON &MORGAN,Caol Ila '94,"в‚¬34,50","в‚¬44,85",0,"в‚¬0,00"
WHISKY,Akashi,"в‚¬24,00","в‚¬31,20",0,"в‚¬0,00"
WHISKY,Ardmore 2011,"в‚¬23,00","в‚¬29,90",0,"в‚¬0,00"
WHISKY,Bowmore Ancchethas,"в‚¬20,50","в‚¬26,65",0,"в‚¬0,00"
WHISKY,Bruichladdich 10y,"в‚¬21,85","в‚¬28,41",0,"в‚¬0,00"
WHISKY,Bruichladdich 15y,"в‚¬53,44","в‚¬69,47",0,"в‚¬0,00"
WHISKY,Glenmorangie 18,"в‚¬57,00","в‚¬74,10",0,"в‚¬0,00"
WHISKY,Highland Park 12y,"в‚¬21,00","в‚¬27,30",0,"в‚¬0,00"
WHISKY,Lagavulin 12y Sr2021,"в‚¬69,80","в‚¬90,74",0,"в‚¬0,00"
WHISKY,Macallan 12,"в‚¬24,00","в‚¬31,20",0,"в‚¬0,00"
WHISKY,Port Askaig 8y,"в‚¬29,82","в‚¬38,77",0,"в‚¬0,00"
WHISKY,Port Askaig Full,"в‚¬36,64","в‚¬47,63",0,"в‚¬0,00"
WHISKY,Signal Hill,"в‚¬29,00","в‚¬37,70",0,"в‚¬0,00"
WHISKY 100 PROOF,Springbank,"в‚¬40,00","в‚¬52,00",1,"в‚¬40,00"
WHISKY 10y,Glenfarclas,"в‚¬30,00","в‚¬39,00",0,"в‚¬0,00"
WHISKY 10y,Hazelburn,"в‚¬48,00","в‚¬62,40",1,"в‚¬48,00"
WHISKY 10y,Springbank,"в‚¬48,00","в‚¬62,40",3,"в‚¬144,00"
WHISKY 10y AMONTILLADO,Springbank,"в‚¬80,00","в‚¬104,00",1,"в‚¬80,00"
WHISKY 10y FINO,Springbank,"в‚¬80,00","в‚¬104,00",1,"в‚¬80,00"
WHISKY 12 SWEET TOAST OF AMERICAN,Balvenie 12y,"в‚¬48,00","в‚¬62,40",0,"в‚¬0,00"
WHISKY 12y,Aberlour,"в‚¬23,00","в‚¬29,90",0,"в‚¬0,00"
WHISKY 12y,Aberfeldy,"в‚¬28,00","в‚¬36,40",0,"в‚¬0,00"
WHISKY 12y,Glenallachie,"в‚¬36,75","в‚¬47,78",0,"в‚¬0,00"
WHISKY 12y,Macallan,"в‚¬56,00","в‚¬72,80",0,"в‚¬0,00"
WHISKY 12y CASK STRENGTH,Springbank,"в‚¬51,00","в‚¬66,30",1,"в‚¬51,00"
WHISKY 12y.O. SHERRY CASK,Macallan,"в‚¬60,00","в‚¬78,00",5,"в‚¬300,00"
WHISKY 14y,Aberlour,"в‚¬34,00","в‚¬44,20",0,"в‚¬0,00"
WHISKY 15y,Glenallachie,"в‚¬73,70","в‚¬95,81",0,"в‚¬0,00"
WHISKY 15y,Glenlivet,"в‚¬31,50","в‚¬40,95",0,"в‚¬0,00"
WHISKY 15y,Macallan,"в‚¬88,90","в‚¬115,57",0,"в‚¬0,00"
WHISKY 16y,Aberlour,"в‚¬50,00","в‚¬65,00",0,"в‚¬0,00"
WHISKY 16y,Aberfeldy,"в‚¬48,50","в‚¬63,05",0,"в‚¬0,00"
WHISKY 18y,Aberlour,"в‚¬37,00","в‚¬48,10",0,"в‚¬0,00"
WHISKY 18y,Caol Ila,"в‚¬67,00","в‚¬87,10",0,"в‚¬0,00"
WHISKY 18y,Macallan,"в‚¬223,50","в‚¬290,55",0,"в‚¬0,00"
WHISKY 18y,Springbank,"в‚¬106,00","в‚¬137,80",1,"в‚¬106,00"
WHISKY 19y,Ardbeg,"в‚¬135,00","в‚¬175,50",4,"в‚¬540,00"
WHISKY 25y,Ardbeg,"в‚¬455,00","в‚¬591,50",0,"в‚¬0,00"
WHISKY 25y,Springbank,"в‚¬499,00","в‚¬648,70",1,"в‚¬499,00"
WHISKY 30y,Springbank,"в‚¬850,00","в‚¬1.105,00",0,"в‚¬0,00"
WHISKY A'BUNADH,Aberlour,"в‚¬32,55","в‚¬42,32",0,"в‚¬0,00"
WHISKY AN-OA,Ardbeg,"в‚¬37,00","в‚¬48,10",0,"в‚¬0,00"
WHISKY BLENDED,Kensei,"в‚¬28,00","в‚¬36,40",0,"в‚¬0,00"
WHISKY BOURBON,Makers&Mark,"в‚¬20,00","в‚¬26,00",0,"в‚¬0,00"
WHISKY CADENHAD'S,Caol Ila '80,"в‚¬51,00","в‚¬66,30",0,"в‚¬0,00"
WHISKY CADENHAD'S,Highland Park '79,"в‚¬48,00","в‚¬62,40",0,"в‚¬0,00"
WHISKY CADENHAD'S,Macallan-Glenlivet 14y,"в‚¬49,80","в‚¬64,74",0,"в‚¬0,00"
WHISKY CADENHAD'S,Macallan-Glenlivet 15y,"в‚¬52,30","в‚¬67,99",0,"в‚¬0,00"
WHISKY CADENHAD'S,Macallan-Glenlivet '76,"в‚¬53,00","в‚¬68,90",0,"в‚¬0,00"
WHISKY CARDHU,Cardhu 12y,"в‚¬23,00","в‚¬29,90",0,"в‚¬0,00"
WHISKY CONCLAVE,Poli Jacopo,"в‚¬28,50","в‚¬37,05",0,"в‚¬0,00"
WHISKY COOPERS SHERRY WOOD,Caol Ila 1989/89,"в‚¬29,00","в‚¬37,70",0,"в‚¬0,00"
WHISKY CORRYVREKAN,Ardbeg,"в‚¬75,00","в‚¬97,50",6,"в‚¬450,00"
WHISKY DOUBLE MATURATED,Talisker,"в‚¬42,00","в‚¬54,60",0,"в‚¬0,00"
WHISKY DOUBLE WOOD,Balvenie 12y,"в‚¬38,00","в‚¬49,40",0,"в‚¬0,00"
WHISKY GALORE,Bowmore 1987,"в‚¬23,75","в‚¬30,88",0,"в‚¬0,00"
WHISKY GALORE,Caol Ila 1992,"в‚¬24,80","в‚¬32,24",0,"в‚¬0,00"
WHISKY LAGAVULIN 16y,Lagavulin,"в‚¬53,50","в‚¬69,55",0,"в‚¬0,00"
WHISKY LAGAVULIN 21y,Lagavulin,"в‚¬122,71","в‚¬159,52",0,"в‚¬0,00"
WHISKY LEGACY,Tomatin,"в‚¬24,00","в‚¬31,20",0,"в‚¬0,00"
WHISKY PERNOD,Glenlivet 25y,"в‚¬132,00","в‚¬171,60",0,"в‚¬0,00"
WHISKY PURE MALT,Togouchi,"в‚¬35,97","в‚¬46,76",0,"в‚¬0,00"
WHISKY SEGRETARIO DI STATO,Poli Jacopo,"в‚¬28,00","в‚¬36,40",0,"в‚¬0,00"
WHISKY SHERRY CASK 10y,Laphroaig,"в‚¬43,00","в‚¬55,90",0,"в‚¬0,00"
WHISKY SIGNATORY,Caol Ila 2010,"в‚¬45,00","в‚¬58,50",0,"в‚¬0,00"
WHISKY SIGNATORY,Glenlivet 1996,"в‚¬47,00","в‚¬61,10",0,"в‚¬0,00"
WHISKY SIGNATORY,Macallan '90,"в‚¬34,00","в‚¬44,20",0,"в‚¬0,00"
WHISKY SIGNATORY,Port Ellen '79,"в‚¬51,30","в‚¬66,69",0,"в‚¬0,00"
WHISKY SINGLE BARREL,Balvenie 15y,"в‚¬65,00","в‚¬84,50",0,"в‚¬0,00"
WHISKY SINGLE MALT,Sakurao,"в‚¬50,00","в‚¬65,00",0,"в‚¬0,00"
WHISKY SINGLE MALT PEATED,Mr Peat,"в‚¬30,00","в‚¬39,00",0,"в‚¬0,00"
WHISKY SMOKED,Famous Grouse,"в‚¬15,00","в‚¬19,50",0,"в‚¬0,00"
WHISKY TALISKER 8y SR2021,Talisker,"в‚¬55,00","в‚¬71,50",0,"в‚¬0,00"
WHISKY TEN,Ardbeg,"в‚¬35,00","в‚¬45,50",6,"в‚¬210,00"
WHISKY UIGEADAIL,Ardbeg,"в‚¬59,00","в‚¬76,70",6,"в‚¬354,00"
WHISKY VELIER 10y,Glenturret,"в‚¬21,00","в‚¬27,30",0,"в‚¬0,00"
WHISKY WEE BEASTIE 5y,Ardbeg,"в‚¬30,00","в‚¬39,00",12,"в‚¬360,00"
WHISKY WILDER,Talisker,"в‚¬57,00","в‚¬74,10",0,"в‚¬0,00"
WHISKY WILSON & MORGAN,Caol Ila 24y,"в‚¬65,00","в‚¬84,50",0,"в‚¬0,00"
WHITE PORT,Barros,"в‚¬11,00","в‚¬14,30",6,"в‚¬66,00"
WILD ORGANIC GIN,Secret Garden,"в‚¬27,00","в‚¬35,10",0,"в‚¬0,00"
WISHEY JAPANESE,The Tottori Blended,"в‚¬18,50","в‚¬24,05",0,"в‚¬0,00"
XO 20 ANNIV,Plantation,"в‚¬33,00","в‚¬42,90",0,"в‚¬0,00"
YAMAZAKI,Suntory,"в‚¬61,00","в‚¬79,30",0,"в‚¬0,00"
YELLOW SPOT,Mitchell & Son,"в‚¬29,00","в‚¬37,70",0,"в‚¬0,00"
YELLOW SPOT,Spot Range,"в‚¬53,00","в‚¬68,90",0,"в‚¬0,00"
YOECHI 10y,Nikka,"в‚¬46,50","в‚¬60,45",0,"в‚¬0,00"
YOICHI NO AGE SINGLE MALT,Nikka,"в‚¬54,00","в‚¬70,20",0,"в‚¬0,00"
YUZU SAKE,Yoigokochi,"в‚¬24,50","в‚¬31,85",0,"в‚¬0,00"
ZABAIONE,Simonetta,"в‚¬10,50","в‚¬13,65",0,"в‚¬0,00"
,Castared,"в‚¬95,00","в‚¬123,50",0,"в‚¬0,00"
,Raasay,"в‚¬0,00","в‚¬0,00",0,"в‚¬0,00"
BAS ARMAGNAC 15y,Sagna,"в‚¬41,00","в‚¬53,30",0,"в‚¬0,00"
ARMAGNAC 2005,Sagna,"в‚¬34,00","в‚¬44,20",0,"в‚¬0,00"
RIESLING PRINCES ABBES,Sagna,"в‚¬10,00","в‚¬13,00",0,"в‚¬0,00"
RIESLING GR.CRU SAERING,Sagna,"в‚¬15,00","в‚¬19,50",0,"в‚¬0,00"
CHABLIS S.PIERRE,Sagna,"в‚¬13,00","в‚¬16,90",0,"в‚¬0,00"
CHABLIS GRAND CRU,Sagna,"в‚¬29,00","в‚¬37,70",0,"в‚¬0,00"
MONPLASIR MEDEVILLE,Sagna,"в‚¬10,00","в‚¬13,00",0,"в‚¬0,00"
CHATEAU RESPIDE MEDEVILLE,Sagna,"в‚¬13,00","в‚¬16,90",0,"в‚¬0,00"